搜索条件,物料名称,产品分类,生产商,供应商,生产日期,批号,项目分类,检测项目,单位,检测结果,限量值,判定,发布单位,发布日期,备注
标题含环氧乙烷,蝗虫豆胶和含有蝗虫豆胶的混合物 ,食品添加剂和调味剂 ,,,,2021.3810,农药残留物 ,环氧乙烷 ,mg/kg - ppm,"1,8","0,1 mg/kg - ppm",严肃的 ,RASFF,16-07-2021 16:26:09,
标题含环氧乙烷,蝗虫豆胶和含有蝗虫豆胶的混合物 ,食品添加剂和调味剂 ,,,,2021.3810,农药残留物 ,环氧乙烷 ,mg/kg - ppm,"1,4","0,1 mg/kg - ppm",严肃的 ,RASFF,16-07-2021 16:26:09,
标题含环氧乙烷,蝗虫豆胶和含有蝗虫豆胶的混合物 ,食品添加剂和调味剂 ,,,,2021.3810,农药残留物 ,环氧乙烷 ,mg/kg - ppm,"0,57","0,1 mg/kg - ppm",严肃的 ,RASFF,16-07-2021 16:26:09,
标题含环氧乙烷,蝗虫豆胶和含有蝗虫豆胶的混合物 ,食品添加剂和调味剂 ,,,,2021.3810,农药残留物 ,环氧乙烷 ,mg/kg - ppm,"2,5","0,1 mg/kg - ppm",严肃的 ,RASFF,16-07-2021 16:26:09,
标题含环氧乙烷,冰淇淋赏金，窃笑，刺 ,冰和甜点 ,,,,2021.3830,,,,,,严肃的 ,RASFF,19-07-2021 15:42:35,
标题含环氧乙烷,喂养 ,复合饲料 ,,,,2021.3844,农药残留物 ,环氧乙烷 ,mg/kg - ppm,> 684,"0,01 mg/kg - ppm",严肃的 ,RASFF,20-07-2021 15:57:19,
标题含环氧乙烷,中间食品 ,其他食品/混合 ,,,,2021.3838,,,,,,严肃的 ,RASFF,20-07-2021 12:02:05,
标题含环氧乙烷,冰淇淋（提拉米苏） ,冰和甜点 ,,,,2021.3882,,,,,,严肃的 ,RASFF,22-07-2021 15:14:33,
标题含环氧乙烷,Dansuking耶林糖多 ,谷物和面包店产品 ,,,,2021.3890,,,,,,未定 ,RASFF,22-07-2021 17:30:16,
标题含环氧乙烷,刺槐豆胶 ,食品添加剂和调味剂 ,,,,2021.3913,农药残留物 ,环氧乙烷 ,mg/kg - ppm,"56,1","0,1 mg/kg - ppm",未定 ,RASFF,23-07-2021 15:51:06,
标题含环氧乙烷,瓜尔牙龈 ,食品添加剂和调味剂 ,,,,2021.3912,农药残留物 ,环氧乙烷 ,mg/kg - ppm,"0,55","0,01 mg/kg - ppm",未定 ,RASFF,23-07-2021 15:37:14,
标题含环氧乙烷,瓜尔牙龈 ,食品添加剂和调味剂 ,,,,2021.3912,农药残留物 ,环氧乙烷 ,mg/kg - ppm,"0,06","0,01 mg/kg - ppm",未定 ,RASFF,23-07-2021 15:37:14,
标题含环氧乙烷,有机南非醉茄粉末 ,草药和香料 ,,,,2021.3941,病原微生物 ,沙门氏菌。 ,mg/kg - ppm,nachgewiesen,,严肃的 ,RASFF,26-07-2021 16:17:15,
标题含环氧乙烷,有机南非醉茄粉末 ,草药和香料 ,,,,2021.3941,农药残留物 ,紫杉虾 ,mg/kg - ppm,"0,086","0,01 mg/kg - ppm",严肃的 ,RASFF,26-07-2021 16:17:15,
标题含环氧乙烷,有机南非醉茄粉末 ,草药和香料 ,,,,2021.3941,农药残留物 ,环氧乙烷 ,mg/kg - ppm,"53,6","0,02 mg/kg - ppm",严肃的 ,RASFF,26-07-2021 16:17:15,
标题含环氧乙烷,牛奶甜点 ,牛奶和奶制品 ,,,,2021.3944,,,,,,未定 ,RASFF,26-07-2021 16:40:23,
标题含环氧乙烷,竹子提取物 ,饮食食品，食品补充剂和强化食品 ,,,,2021.3949,农药残留物 ,2-氯乙醇 ,mg/kg - ppm,">2,5",,严肃的 ,RASFF,26-07-2021 17:50:57,
标题含环氧乙烷,Ashwaganda推杆 -  Ashwaganda粉 ,饮食食品，食品补充剂和强化食品 ,,,,2021.3988,农药残留物 ,环氧乙烷 ,mg/kg - ppm,213,,严肃的 ,RASFF,28-07-2021 12:57:18,
标题含环氧乙烷,刺槐豆胶 ,食品添加剂和调味剂 ,,,,2021.3989,农药残留物 ,环氧乙烷 ,mg/kg - ppm,"30,3 ± 15,2","0,1 mg/kg - ppm",严肃的 ,RASFF,28-07-2021 14:35:25,
标题含环氧乙烷,姜黄素 ,草药和香料 ,,,,2021.3380,农药残留物 ,环氧乙烷 ,mg/kg - ppm,"11,6","0,05 mg/kg - ppm",严肃的 ,RASFF,28-06-2021 12:40:32,
标题含环氧乙烷,陶罐 ,其他食品/混合 ,,,,2021.3462,,,,,,严肃的 ,RASFF,01-07-2021 14:20:02,
标题含环氧乙烷,印度咖喱香料糊 ,食品添加剂和调味剂 ,,,,2021.3541,农药残留物 ,环氧乙烷 ,mg/kg - ppm,5.3,0.1 mg/kg - ppm,严肃的 ,RASFF,06-07-2021 11:26:22,
标题含环氧乙烷,蝗虫豆胶（e 410） ,食品添加剂和调味剂 ,,,,2021.3544,农药残留物 ,环氧乙烷 ,mg/kg - ppm,"4,5","0,1 mg/kg - ppm",未定 ,RASFF,06-07-2021 12:22:00,
标题含环氧乙烷,与芝麻种子（杏仁，榛子和花生）的焦糖的坚果 ,坚果，坚果产品和种子 ,,,,2021.3569,农药残留物 ,环氧乙烷 ,mg/kg - ppm,"0,16",,严肃的 ,RASFF,07-07-2021 11:49:27,
标题含环氧乙烷,刺槐豆胶（E 410） ,食品添加剂和调味剂 ,,,,2021.3544,农药残留物 ,环氧乙烷 ,mg/kg - ppm,"2,3","0,1 mg/kg - ppm",未定 ,RASFF,06-07-2021 12:22:00,
标题含环氧乙烷,与芝麻种子（杏仁，榛子和花生）的焦糖的坚果 ,坚果，坚果产品和种子 ,,,,2021.3569,农药残留物 ,环氧乙烷 ,mg/kg - ppm,"0,14",,严肃的 ,RASFF,07-07-2021 11:49:27,
标题含环氧乙烷,刺槐豆胶（E 410） ,食品添加剂和调味剂 ,,,,2021.3544,农药残留物 ,环氧乙烷 ,mg/kg - ppm,"5,8","0,1 mg/kg - ppm",未定 ,RASFF,06-07-2021 12:22:00,
标题含环氧乙烷,与芝麻种子（杏仁，榛子和花生）的焦糖的坚果 ,坚果，坚果产品和种子 ,,,,2021.3569,农药残留物 ,环氧乙烷 ,mg/kg - ppm,"0,11",,严肃的 ,RASFF,07-07-2021 11:49:27,
标题含环氧乙烷,蝗虫豆胶（e 410） ,食品添加剂和调味剂 ,,,,2021.3544,农药残留物 ,环氧乙烷 ,mg/kg - ppm,"0,35","0,1 mg/kg - ppm",未定 ,RASFF,06-07-2021 12:22:00,
标题含环氧乙烷,刺槐豆胶（E 410） ,食品添加剂和调味剂 ,,,,2021.3544,农药残留物 ,环氧乙烷 ,mg/kg - ppm,"9,9","0,1 mg/kg - ppm",未定 ,RASFF,06-07-2021 12:22:00,
标题含环氧乙烷,有机辣木粉 ,饮食食品，食品补充剂和强化食品 ,,,,2021.3586,农药残留物 ,2-氯乙醇 ,mg/kg - ppm,1030,,严肃的 ,RASFF,07-07-2021 16:17:52,
标题含环氧乙烷,有机辣木粉 ,饮食食品，食品补充剂和强化食品 ,,,,2021.3586,农药残留物 ,环氧乙烷 ,mg/kg - ppm,564,"0,1 mg/kg - ppm",严肃的 ,RASFF,07-07-2021 16:17:52,
标题含环氧乙烷,烤和盐渍的向日葵种子 ,坚果，坚果产品和种子 ,,,,2021.3610,农药残留物 ,环氧乙烷 ,mg/kg - ppm,"0,16","0,05 mg/kg - ppm",严肃的 ,RASFF,08-07-2021 14:32:17,
标题含环氧乙烷,食品补充剂的成分 ,饮食食品，食品补充剂和强化食品 ,,,,2021.3624,农药残留物 ,环氧乙烷 ,mg/kg - ppm,211 +- 46 ,"0,01 mg/kg - ppm",严肃的 ,RASFF,08-07-2021 16:55:38,
标题含环氧乙烷,刺槐豆胶 ,食品添加剂和调味剂 ,,,,2021.3641,农药残留物 ,环氧乙烷 ,mg/kg - ppm,"0,35","0,1 mg/kg dry matter",严肃的 ,RASFF,09-07-2021 11:24:37,
标题含环氧乙烷,Sesamo ///////////////////////////////////////////////////////////////////////////////////// ,坚果，坚果产品和种子 ,,,,2021.2141,,,,,,严肃的 ,RASFF,29-04-2021 12:47:04,
标题含环氧乙烷,有机螺旋藻粉 ,饮食食品，食品补充剂和强化食品 ,,,,2021.2164,农药残留物 ,环氧乙烷 ,mg/kg - ppm,"0,068","0,02 mg/kg - ppm",严肃的 ,RASFF,30-04-2021 10:45:50,
标题含环氧乙烷,烤芝麻 ,坚果，坚果产品和种子 ,,,,2021.2247,农药残留物 ,环氧乙烷 ,mg/kg - ppm,"0,71","0,05 mg/kg - ppm",严肃的 ,RASFF,06-05-2021 11:35:40,
标题含环氧乙烷,有机苋菜 ,坚果，坚果产品和种子 ,,,,2021.2287,农药残留物 ,环氧乙烷 ,mg/kg - ppm,15,"0,02 mg/kg - ppm",严肃的 ,RASFF,07-05-2021 13:07:16,
标题含环氧乙烷,咖喱 ,草药和香料 ,,,,2021.2346,农药残留物 ,环氧乙烷 ,mg/kg - ppm,"10,02 +- 50%",0.1 mg/kg - ppm,严肃的 ,RASFF,11-05-2021 10:49:12,
标题含环氧乙烷,有机索萨马文自然 ,坚果，坚果产品和种子 ,,,,2021.2363,农药残留物 ,环氧乙烷 ,mg/kg - ppm,0.55,0.05 mg/kg - ppm,严肃的 ,RASFF,11-05-2021 15:54:04,
标题含环氧乙烷,瓜尔牙龈 ,食品添加剂和调味剂 ,,,,2021.2383,农药残留物 ,环氧乙烷 ,mg/kg - ppm,"0,45","0,02 mg/kg - ppm",严肃的 ,RASFF,12-05-2021 14:09:45,
标题含环氧乙烷,中草药粉（5种香料） ,草药和香料 ,,,,2021.2391,农药残留物 ,环氧乙烷 ,mg/kg - ppm,67,0.05 mg/kg - ppm,严肃的 ,RASFF,12-05-2021 15:57:13,
标题含环氧乙烷,姜 ,草药和香料 ,,,,2021.2552,农药残留物 ,环氧乙烷 ,mg/kg - ppm,4.766,"0,01 mg/kg - ppm",严肃的 ,RASFF,20-05-2021 14:36:10,
标题含环氧乙烷,粉碎香菜种子 ,草药和香料 ,,,,2021.2580,农药残留物 ,环氧乙烷 ,mg/kg - ppm,72.49,no permitido,严肃的 ,RASFF,21-05-2021 13:58:59,
标题含环氧乙烷,车前子记 ,坚果，坚果产品和种子 ,,,,2021.2714,农药残留物 ,环氧乙烷 ,mg/kg - ppm,102,0.1 mg/kg - ppm,严肃的 ,RASFF,27-05-2021 16:52:41,
标题含环氧乙烷,有机绿色咖啡 ,可可和可可制剂，咖啡和茶 ,,,,2021.2684,农药残留物 ,环氧乙烷 ,mg/kg - ppm,"Oxyde d’éthylène (somme d’oxyde d’éthylène et de 2-chloroéthanol exprimée en oxyde d’éthylène) 1,23±0,62 ",0.1 mg/kg,严肃的 ,RASFF,26-05-2021 18:18:19,
标题含环氧乙烷,车前子记 ,坚果，坚果产品和种子 ,,,,2021.2714,农药残留物 ,环氧乙烷 ,mg/kg - ppm,177,0.05 mg/kg - ppm,严肃的 ,RASFF,27-05-2021 16:52:41,
标题含环氧乙烷,姜黄 ,草药和香料 ,,,,2021.2943,农药残留物 ,环氧乙烷 ,mg/kg - ppm,"0,82","0,1 mg/kg - ppm",未定 ,RASFF,08-06-2021 11:30:43,
标题含环氧乙烷,中文5香料粉 ,草药和香料 ,,,,2021.2775,农药残留物 ,环氧乙烷 ,mg/kg - ppm,29,0.1 mg/kg - ppm,严肃的 ,RASFF,31-05-2021 15:02:21,
标题含环氧乙烷,食物供给 ,饮食食品，食品补充剂和强化食品 ,,,,2021.2875,,,,,,严肃的 ,RASFF,04-06-2021 10:02:41,
标题含环氧乙烷,冰淇淋 ,冰和甜点 ,,,,2021.2966,,,,,,未定 ,RASFF,08-06-2021 17:18:36,
标题含环氧乙烷,胡芦巴 ,草药和香料 ,,,,2021.2973,农药残留物 ,环氧乙烷 ,mg/kg - ppm,"56,5",,未定 ,RASFF,09-06-2021 11:02:49,
标题含环氧乙烷,洋葱，切片，脱水 ,水果和蔬菜 ,,,,2021.2968,农药残留物 ,环氧乙烷 ,mg/kg - ppm,"0,20",,严肃的 ,RASFF,08-06-2021 18:04:24,
标题含环氧乙烷,洋葱，切片，脱水 ,水果和蔬菜 ,,,,2021.2968,农药残留物 ,环氧乙烷 ,mg/kg - ppm,"0,41",,严肃的 ,RASFF,08-06-2021 18:04:24,
标题含环氧乙烷,纹理 ,食品添加剂和调味剂 ,,,,2021.3008,农药残留物 ,环氧乙烷 ,mg/kg - ppm,"0,14",,未定 ,RASFF,10-06-2021 15:38:48,
标题含环氧乙烷,黑胡椒提取物 ,草药和香料 ,,,,2021.3133,农药残留物 ,环氧乙烷 ,mg/kg - ppm,"0,44",,未定 ,RASFF,16-06-2021 16:03:34,
标题含环氧乙烷,有机瓜尔胶粉 ,食品添加剂和调味剂 ,,,,2021.3128,农药残留物 ,环氧乙烷 ,mg/kg - ppm,"0,360","0,010 mg/kg - ppm",严肃的 ,RASFF,16-06-2021 15:01:06,
标题含环氧乙烷,武士混合 ,其他食品/混合 ,,,,2021.3273,农药残留物 ,环氧乙烷 ,mg/kg - ppm,0.10 and 0.19,0.05 mg/kg - ppm,严肃的 ,RASFF,22-06-2021 14:51:33,
标题含环氧乙烷,武士混合 ,其他食品/混合 ,,,,2021.3273,农药残留物 ,环氧乙烷 ,mg/kg - ppm,0.074,0.05 mg/kg - ppm,严肃的 ,RASFF,22-06-2021 14:51:33,
标题含环氧乙烷,奶酪奶油 - 乳制品乳房产品 ,牛奶和奶制品 ,,,,2021.3685,农药残留物 ,环氧乙烷 ,mg/kg - ppm,0.02826,,未定 ,RASFF,12-07-2021 12:28:36,
标题含环氧乙烷,黑胡椒马拉巴尔 ,草药和香料 ,,,,2021.3292,农药残留物 ,环氧乙烷 ,mg/kg - ppm,11,"0,05 mg/kg - ppm",未定 ,RASFF,23-06-2021 11:10:46,
标题含环氧乙烷,食物供给 ,饮食食品，食品补充剂和强化食品 ,,,,2021.3711,,,,,,未定 ,RASFF,13-07-2021 12:04:26,
标题含环氧乙烷,刺槐豆胶 ,食品添加剂和调味剂 ,,,,2021.3719,农药残留物 ,环氧乙烷 ,mg/kg - ppm,"29,00",,严肃的 ,RASFF,13-07-2021 15:47:59,
标题含环氧乙烷,刺槐豆胶 ,食品添加剂和调味剂 ,,,,2021.3719,农药残留物 ,环氧乙烷 ,mg/kg - ppm,"4,80",,严肃的 ,RASFF,13-07-2021 15:47:59,
标题含环氧乙烷,刺槐豆胶 ,食品添加剂和调味剂 ,,,,2021.3720,农药残留物 ,环氧乙烷 ,mg/kg - ppm,"1,1",,严肃的 ,RASFF,13-07-2021 16:22:49,
标题含环氧乙烷,竹子提取物 ,谷物和面包店产品 ,,,,2021.3723,农药残留物 ,农药残留物 ,mg/kg - ppm,>100 ,,未定 ,RASFF,13-07-2021 17:17:52,
标题含环氧乙烷,有机辣木粉 ,草药和香料 ,,,,2021.3735,农药残留物 ,环氧乙烷 ,mg/kg - ppm,> 684,"0,10 mg/kg - ppm",严肃的 ,RASFF,14-07-2021 10:54:14,
标题含环氧乙烷,芝麻籽 ,坚果，坚果产品和种子 ,,,,2021.3750,农药残留物 ,农药残留物 ,mg/kg - ppm,"0,18",0.05 mg/kg - ppm,严肃的 ,RASFF,14-07-2021 15:54:57,
标题含环氧乙烷,膳食补充剂 ,饮食食品，食品补充剂和强化食品 ,,,,2021.3778,农药残留物 ,环氧乙烷 ,mg/kg - ppm,"5,4",,严肃的 ,RASFF,15-07-2021 16:50:38,
标题含环氧乙烷,膳食补充剂 ,饮食食品，食品补充剂和强化食品 ,,,,2021.3778,农药残留物 ,2-氯乙醇 ,mg/kg - ppm,10,,严肃的 ,RASFF,15-07-2021 16:50:38,
标题含环氧乙烷,食品补充剂 ,饮食食品，食品补充剂和强化食品 ,,,,2021.3800,农药残留物 ,环氧乙烷 ,mg/kg - ppm,"89,8",,严肃的 ,RASFF,16-07-2021 13:35:33,
标题含环氧乙烷,食品补充剂 ,饮食食品，食品补充剂和强化食品 ,,,,2021.3800,农药残留物 ,2-氯乙醇 ,mg/kg - ppm,164,,严肃的 ,RASFF,16-07-2021 13:35:33,
标题含环氧乙烷,鲱鱼 ,鱼和产品 ,,,,2021.3994,,,,,,未定 ,RASFF,28-07-2021 15:41:40,
标题含环氧乙烷,软奶酪（不同品种） ,牛奶和奶制品 ,,,,2021.3997,,,,,,严肃的 ,RASFF,28-07-2021 16:08:28,
标题含环氧乙烷,不同的风味冰淇淋（Adelie和脚踏） ,冰和甜点 ,,,,2021.3999,,,,,,严肃的 ,RASFF,28-07-2021 16:36:52,
标题含环氧乙烷,美食上午饼干/饮食主 -  Nutrisis ,饮食食品，食品补充剂和强化食品 ,,,,2021.4006,,,,,,严肃的 ,RASFF,28-07-2021 17:50:46,
标题含环氧乙烷,冰淇淋 ,冰和甜点 ,,,,2021.4008,,,,,,严肃的 ,RASFF,29-07-2021 09:46:27,
标题含环氧乙烷,有机姜黄粉 ,草药和香料 ,,,,2021.4025,农药残留物 ,环氧乙烷 ,mg/kg - ppm,"0,67","0,1 mg/kg - ppm",严肃的 ,RASFF,29-07-2021 15:23:29,
标题含环氧乙烷,软盒145毫升 ,冰和甜点 ,,,,2021.4031,,,,,,严肃的 ,RASFF,29-07-2021 16:37:56,
标题含环氧乙烷,番茄酱TOSCAN ,汤，肉汤，酱汁和调味品 ,,,,2021.4032,,,,,,严肃的 ,RASFF,29-07-2021 17:00:57,
标题含环氧乙烷,冷冻甜甜圈 ,谷物和面包店产品 ,,,,2021.4033,,,,,,严肃的 ,RASFF,29-07-2021 17:35:32,
标题含环氧乙烷,姜提取物 ,水果和蔬菜 ,,,,2021.3701,农药残留物 ,环氧乙烷 ,mg/kg - ppm,"99,2",,严肃的 ,RASFF,13-07-2021 09:23:50,
标题含环氧乙烷,马德拉斯咖喱粉 ,草药和香料 ,,,,2021.2769,农药残留物 ,环氧乙烷 ,mg/kg - ppm,350,,严肃的 ,RASFF,31-05-2021 11:19:26,
标题含环氧乙烷,马德拉斯咖喱粉 ,草药和香料 ,,,,2021.2769,农药残留物 ,环氧乙烷 ,mg/kg - ppm,169,,严肃的 ,RASFF,31-05-2021 11:19:26,
标题含环氧乙烷,马德拉斯咖喱粉 ,草药和香料 ,,,,2021.2769,农药残留物 ,环氧乙烷 ,mg/kg - ppm,238,,严肃的 ,RASFF,31-05-2021 11:19:26,
标题含环氧乙烷,北披肩片 ,饮食食品，食品补充剂和强化食品 ,,,,2021.2272,农药残留物 ,环氧乙烷 ,mg/kg - ppm,102,"0,1 mg/kg - ppm",严肃的 ,RASFF,06-05-2021 17:08:55,
标题含环氧乙烷,刺槐豆胶（E 410） ,食品添加剂和调味剂 ,,,,2021.3681,农药残留物 ,环氧乙烷 ,mg/kg - ppm,"5,8 / 9,9 / 12 / 13 / 8,9 / 2,5 / 0,35 ",,未定 ,RASFF,12-07-2021 10:52:43,
标题含环氧乙烷,刺槐豆胶（E 410） ,食品添加剂和调味剂 ,,,,2021.3681,农药残留物 ,环氧乙烷 ,mg/kg - ppm,"0,85 / 2,3 / 8,3 ",,未定 ,RASFF,12-07-2021 10:52:43,
标题含环氧乙烷,冰淇淋成分 ,冰和甜点 ,,,,2021.3581,农药残留物 ,环氧乙烷 ,mg/kg - ppm,13,"0,1 mg/kg - ppm",未定 ,RASFF,07-07-2021 14:19:46,
标题含环氧乙烷,有机亚麻籽棕色 ,谷物和面包店产品 ,,,,2021.3405,农药残留物 ,环氧乙烷 ,mg/kg - ppm,"0,28","0,05 mg/kg - ppm",未定 ,RASFF,29-06-2021 12:15:06,
标题含环氧乙烷,南非醉茄提取物 ,饮食食品，食品补充剂和强化食品 ,,,,2021.3372,,,,,,严肃的 ,RASFF,25-06-2021 16:37:31,
标题含环氧乙烷,冰淇淋 ,冰和甜点 ,,,,2021.3976,,,,,,严肃的 ,RASFF,27-07-2021 15:58:22,
标题含环氧乙烷,膳食补充剂 - 食品补充剂 ,饮食食品，食品补充剂和强化食品 ,,,,2021.3961,农药残留物 ,环氧乙烷 ,mg/kg - ppm,2210,"0,1 mg/kg - ppm",严肃的 ,RASFF,27-07-2021 13:02:50,
标题含环氧乙烷,褪黑激素 ,其他食品/混合 ,,,,2021.3845,农药残留物 ,环氧乙烷 ,mg/kg - ppm,"1,5",,严肃的 ,RASFF,20-07-2021 16:52:33,
标题含环氧乙烷,胡椒 ,水果和蔬菜 ,,,,2021.1547,农药残留物 ,环氧乙烷 ,mg/kg - ppm,"0,31±0,16 ","0,02 mg/kg - ppm",未定 ,RASFF,26-03-2021 13:00:52,
标题含环氧乙烷,胡椒 ,水果和蔬菜 ,,,,2021.1555,农药残留物 ,环氧乙烷 ,mg/kg - ppm," 2,03±1,02 ","0,02 mg/kg - ppm",未定 ,RASFF,26-03-2021 15:07:06,
标题含环氧乙烷,芝麻酱 ,其他食品/混合 ,,,,2021.1568,,,,,,严肃的 ,RASFF,26-03-2021 16:38:15,
标题含环氧乙烷,芝麻，去皮///芝麻，耐用 ,坚果，坚果产品和种子 ,,,,2021.1588,农药残留物 ,环氧乙烷 ,mg/kg - ppm,,"0,05 mg/kg - ppm",严肃的 ,RASFF,29-03-2021 15:40:49,
标题含环氧乙烷,小麦麸皮面粉 ,谷物和面包店产品 ,,,,2021.1631,,,,,,未定 ,RASFF,31-03-2021 14:10:33,
标题含环氧乙烷,膳食补充剂 ,饮食食品，食品补充剂和强化食品 ,,,,2021.1679,农药残留物 ,环氧乙烷 ,mg/kg - ppm,722,,严肃的 ,RASFF,01-04-2021 18:29:56,
标题含环氧乙烷,膳食补充剂 ,饮食食品，食品补充剂和强化食品 ,,,,2021.1679,农药残留物 ,环氧乙烷 ,mg/kg - ppm,450,,严肃的 ,RASFF,01-04-2021 18:29:56,
标题含环氧乙烷,膳食补充剂 ,饮食食品，食品补充剂和强化食品 ,,,,2021.1679,农药残留物 ,环氧乙烷 ,mg/kg - ppm,92,,严肃的 ,RASFF,01-04-2021 18:29:56,
标题含环氧乙烷,膳食补充剂 ,饮食食品，食品补充剂和强化食品 ,,,,2021.1679,农药残留物 ,环氧乙烷 ,mg/kg - ppm,128,,严肃的 ,RASFF,01-04-2021 18:29:56,
标题含环氧乙烷,芝麻籽 ,坚果，坚果产品和种子 ,,,,2021.1735,农药残留物 ,环氧乙烷 ,mg/kg - ppm,"5,0","0,05 mg/kg - ppm",严肃的 ,RASFF,07-04-2021 16:07:26,
标题含环氧乙烷,香料混合芝麻籽 ,其他食品/混合 ,,,,2021.1755,,,,,,严肃的 ,RASFF,08-04-2021 14:38:00,
标题含环氧乙烷,膳食补充剂 ,饮食食品，食品补充剂和强化食品 ,,,,2021.1679,农药残留物 ,环氧乙烷 ,mg/kg - ppm,299,,严肃的 ,RASFF,01-04-2021 18:29:56,
标题含环氧乙烷,膳食补充剂 ,饮食食品，食品补充剂和强化食品 ,,,,2021.1679,农药残留物 ,环氧乙烷 ,mg/kg - ppm,707,,严肃的 ,RASFF,01-04-2021 18:29:56,
标题含环氧乙烷,膳食补充剂 ,饮食食品，食品补充剂和强化食品 ,,,,2021.1679,农药残留物 ,环氧乙烷 ,mg/kg - ppm,"36,9",,严肃的 ,RASFF,01-04-2021 18:29:56,
标题含环氧乙烷,膳食补充剂 ,饮食食品，食品补充剂和强化食品 ,,,,2021.1679,农药残留物 ,环氧乙烷 ,mg/kg - ppm,420,,严肃的 ,RASFF,01-04-2021 18:29:56,
标题含环氧乙烷,膳食补充剂 ,饮食食品，食品补充剂和强化食品 ,,,,2021.1679,农药残留物 ,环氧乙烷 ,mg/kg - ppm,372,,严肃的 ,RASFF,01-04-2021 18:29:56,
标题含环氧乙烷,香料 ,草药和香料 ,,,,2021.1802,,,,,,严肃的 ,RASFF,12-04-2021 10:20:03,
标题含环氧乙烷,芝麻籽 ,坚果，坚果产品和种子 ,,,,2021.1810,农药残留物 ,环氧乙烷 ,mg/kg - ppm,"1,5","0,05 mg/kg - ppm",严肃的 ,RASFF,12-04-2021 12:28:38,
标题含环氧乙烷,芝麻籽 ,坚果，坚果产品和种子 ,,,,2021.1899,农药残留物 ,环氧乙烷 ,mg/kg - ppm,"0,16","0,05 mg/kg - ppm",严肃的 ,RASFF,16-04-2021 16:13:39,
标题含环氧乙烷,南非醉茄（催眠睡茄提取） ,饮食食品，食品补充剂和强化食品 ,,,,2021.1848,农药残留物 ,环氧乙烷 ,mg/kg - ppm,"Oxyde d’éthylène (somme d’oxyde d’éthylène et de 2-chloroéthanol exprimée en oxyde d’éthylène) 0,38±0,19 ",0.1      on Ginsengs mg/kg - ppm,严肃的 ,RASFF,14-04-2021 13:12:23,
标题含环氧乙烷,来自印度的奥克斯 ,水果和蔬菜 ,,,,2021.1009,农药残留物 ,Flonicamid. ,mg/kg - ppm,0.25+-0.13,0.030 mg/kg - ppm,严肃的 ,RASFF,26-02-2021 17:41:25,
标题含环氧乙烷,来自印度的奥克斯 ,水果和蔬菜 ,,,,2021.1009,农药残留物 ,环氧乙烷 ,mg/kg - ppm,0.94+-0.47,0.02 mg/kg - ppm,严肃的 ,RASFF,26-02-2021 17:41:25,
标题含环氧乙烷,装饰品 ,水果和蔬菜 ,,,,2021.1020,农药残留物 ,环氧乙烷 ,mg/kg - ppm,0.34+- 0.17,0.02 mg/kg - ppm,严肃的 ,RASFF,01-03-2021 11:19:38,
标题含环氧乙烷,有机饼干 ,谷物和面包店产品 ,,,,2021.1036,,,,,,严肃的 ,RASFF,01-03-2021 16:15:05,
标题含环氧乙烷,土耳其地黄栌 ,草药和香料 ,,,,2021.1067,农药残留物 ,环氧乙烷 ,mg/kg - ppm,0.45,0.1 mg/kg - ppm,未定 ,RASFF,03-03-2021 10:55:09,
标题含环氧乙烷,香料与芝麻籽混合 ,草药和香料 ,,,,2021.1048,,,,,,严肃的 ,RASFF,02-03-2021 14:00:38,
标题含环氧乙烷,馄饨 ,准备好的菜肴和小吃 ,,,,2021.1054,,,,,,严肃的 ,RASFF,02-03-2021 16:32:18,
标题含环氧乙烷,可颂坊zaatar birdor ,谷物和面包店产品 ,,,,2021.1092,农药残留物 ,环氧乙烷 ,mg/kg - ppm,0.066,0.05 mg/kg - ppm,未定 ,RASFF,03-03-2021 17:32:04,
标题含环氧乙烷,冷冻预煮面包 ,谷物和面包店产品 ,,,,2021.1121,,,,,,严肃的 ,RASFF,04-03-2021 16:15:09,
标题含环氧乙烷,芝麻籽去皮///孵化芝麻 ,坚果，坚果产品和种子 ,,,,2021.1124,农药残留物 ,环氧乙烷 ,mg/kg - ppm,"0,837","0,05 mg/kg - ppm",严肃的 ,RASFF,04-03-2021 17:04:54,
标题含环氧乙烷,鹰嘴豆泥 ,坚果，坚果产品和种子 ,,,,2021.1204,,,,,,严肃的 ,RASFF,09-03-2021 15:05:18,
标题含环氧乙烷,芝麻籽 ,坚果，坚果产品和种子 ,,,,2021.1209,农药残留物 ,环氧乙烷 ,mg/kg - ppm,0.44 ,0.05 mg/kg - ppm,严肃的 ,RASFF,09-03-2021 16:14:33,
标题含环氧乙烷,咖喱马德拉斯粉 ,草药和香料 ,,,,2021.1306,农药残留物 ,农药残留物 ,mg/kg - ppm,0.13,"0,05 mg/kg - ppm",未定 ,RASFF,12-03-2021 17:13:10,
标题含环氧乙烷,洋葱粒特别BD高级 ,草药和香料 ,,,,2021.1384,农药残留物 ,环氧乙烷 ,mg/kg - ppm,"0,54 +-50%U",0.02 mg/kg - ppm,严肃的 ,RASFF,17-03-2021 16:12:57,
标题含环氧乙烷,混合种子和谷物 ,其他食品/混合 ,,,,2021.1422,农药残留物 ,环氧乙烷 ,mg/kg - ppm,"0,14",,严肃的 ,RASFF,19-03-2021 10:06:58,
标题含环氧乙烷,生物芝麻去皮///耐用有机芝麻籽 ,坚果，坚果产品和种子 ,,,,2021.1498,农药残留物 ,环氧乙烷 ,mg/kg - ppm,"1,6","0,05 mg/kg - ppm",严肃的 ,RASFF,24-03-2021 10:22:11,
标题含环氧乙烷,秀丽秀 ,坚果，坚果产品和种子 ,,,,2021.1503,农药残留物 ,环氧乙烷 ,mg/kg - ppm,"0,46± 0,23",,未定 ,RASFF,24-03-2021 13:25:20,
标题含环氧乙烷,有机姜，研磨///接地有机姜 ,草药和香料 ,,,,2021.1515,农药残留物 ,环氧乙烷 ,mg/kg - ppm,"1,7","0,05 mg/kg - ppm",严肃的 ,RASFF,24-03-2021 17:49:51,
标题含环氧乙烷,芝麻种子去皮///芝麻籽耐用 ,坚果，坚果产品和种子 ,,,,2021.1522,农药残留物 ,环氧乙烷 ,mg/kg - ppm,"19,0","0,05 mg/kg - ppm",严肃的 ,RASFF,25-03-2021 14:17:19,
标题含环氧乙烷,黑色有机芝麻 ,坚果，坚果产品和种子 ,,,,2021.1534,农药残留物 ,环氧乙烷 ,mg/kg - ppm,"0,44","0,05 mg/kg - ppm",严肃的 ,RASFF,25-03-2021 17:17:31,
标题含环氧乙烷,车前子 ,其他食品/混合 ,,,,2021.2003,农药残留物 ,环氧乙烷 ,mg/kg - ppm,"1,9",,严肃的 ,RASFF,22-04-2021 13:25:54,
标题含环氧乙烷,车前子 ,其他食品/混合 ,,,,2021.2003,农药残留物 ,环氧乙烷 ,mg/kg - ppm,"7,6",,严肃的 ,RASFF,22-04-2021 13:25:54,
标题含环氧乙烷,芝麻 - 芝麻籽 ,坚果，坚果产品和种子 ,,,,2021.2009,农药残留物 ,环氧乙烷 ,mg/kg - ppm,nicht nachweisbar,"0,05 mg/kg - ppm",严肃的 ,RASFF,22-04-2021 14:57:22,
标题含环氧乙烷,芝麻 - 芝麻籽 ,坚果，坚果产品和种子 ,,,,2021.2009,农药残留物 ,环氧乙烷 ,mg/kg - ppm,"3,8","0,05 mg/kg - ppm",严肃的 ,RASFF,22-04-2021 14:57:22,
标题含环氧乙烷,Guarkernmehl //瓜尔豆面粉 ,食品添加剂和调味剂 ,,,,2021.2013,农药残留物 ,环氧乙烷 ,mg/kg - ppm,"2,8","0,02 mg/kg - ppm",严肃的 ,RASFF,22-04-2021 15:28:31,
标题含环氧乙烷,种子发芽（Fenugrec，蛋白质混合） ,其他食品/混合 ,,,,2021.2020,农药残留物 ,环氧乙烷 ,mg/kg - ppm,"0,55 +/- 0,27",,严肃的 ,RASFF,22-04-2021 17:29:06,
标题含环氧乙烷,芝麻籽 ,坚果，坚果产品和种子 ,,,,2021.2072,农药残留物 ,环氧乙烷 ,mg/kg - ppm,0.31±0.15,0.05 mg/kg - ppm,未定 ,RASFF,26-04-2021 14:43:47,
标题含环氧乙烷,有机瓜尔胶粉/生物瓜克纳姆 ,食品添加剂和调味剂 ,,,,2021.2097,农药残留物 ,环氧乙烷 ,mg/kg - ppm,"3,2","0,02 mg/kg - ppm",严肃的 ,RASFF,27-04-2021 14:25:40,
标题含环氧乙烷,公平贸易原香料 ,其他食品/混合 ,,,,2021.2100,农药残留物 ,环氧乙烷 ,mg/kg - ppm,"1,8",,严肃的 ,RASFF,27-04-2021 15:12:39,
标题含环氧乙烷,公平贸易原香料 ,其他食品/混合 ,,,,2021.2100,农药残留物 ,环氧乙烷 ,mg/kg - ppm,0.27,,严肃的 ,RASFF,27-04-2021 15:12:39,
标题含环氧乙烷,公平贸易原香料 ,其他食品/混合 ,,,,2021.2100,农药残留物 ,环氧乙烷 ,mg/kg - ppm,0.19,,严肃的 ,RASFF,27-04-2021 15:12:39,
标题含环氧乙烷,Guarkernmehl ///瓜尔豆胶 ,食品添加剂和调味剂 ,,,,2021.2119,农药残留物 ,环氧乙烷 ,mg/kg - ppm,"0,57","0,02 mg/kg - ppm",严肃的 ,RASFF,28-04-2021 12:26:15,
标题含环氧乙烷,芝麻种子/芝麻 ,坚果，坚果产品和种子 ,,,,2021.1363,农药残留物 ,环氧乙烷 ,,> 5.0 mg/kg - ppm,0.05  mg/kg - ppm,严肃的 ,RASFF,16-03-2021 16:44:59,
标题含环氧乙烷,面包产品与芝麻籽 ,谷物和面包店产品 ,,,,2021.1318,,,,,,未定 ,RASFF,15-03-2021 11:17:26,
标题含环氧乙烷,诺加特 ,谷物和面包店产品 ,,,,2021.1199,,,,,,严肃的 ,RASFF,09-03-2021 14:16:29,
标题含环氧乙烷,迷你钻石卷混合物 ,谷物和面包店产品 ,,,,2021.1174,农药残留物 ,环氧乙烷 ,mg/kg - ppm,"0,067","0,05 mg/kg - ppm",严肃的 ,RASFF,08-03-2021 17:54:36,
标题含环氧乙烷,芝麻籽 ,坚果，坚果产品和种子 ,,,,2021.1133,农药残留物 ,环氧乙烷 ,mg/kg - ppm,24,0.05 mg/kg - ppm,严肃的 ,RASFF,05-03-2021 12:40:09,
标题含环氧乙烷,百吉饼芝麻芝麻 ,谷物和面包店产品 ,,,,2021.1040,,,,,,严肃的 ,RASFF,01-03-2021 16:53:34,
标题含环氧乙烷,车前子 ,其他食品/混合 ,,,,2021.1929,农药残留物 ,环氧乙烷 ,mg/kg - ppm,"64,5",,严肃的 ,RASFF,20-04-2021 10:37:46,
标题含环氧乙烷,车前子 ,其他食品/混合 ,,,,2021.1929,农药残留物 ,环氧乙烷 ,mg/kg - ppm,"71,1",,严肃的 ,RASFF,20-04-2021 10:37:46,
标题含环氧乙烷,车前子 ,其他食品/混合 ,,,,2021.1929,农药残留物 ,环氧乙烷 ,mg/kg - ppm,117,,严肃的 ,RASFF,20-04-2021 10:37:46,
标题含环氧乙烷,车前子 ,其他食品/混合 ,,,,2021.1929,农药残留物 ,环氧乙烷 ,mg/kg - ppm,119,,严肃的 ,RASFF,20-04-2021 10:37:46,
标题含环氧乙烷,ps ,其他食品/混合 ,,,,2021.1929,农药残留物 ,环氧乙烷 ,mg/kg - ppm,94,,严肃的 ,RASFF,20-04-2021 10:37:46,
标题含环氧乙烷,ps ,其他食品/混合 ,,,,2021.1929,农药残留物 ,环氧乙烷 ,mg/kg - ppm,19,,严肃的 ,RASFF,20-04-2021 10:37:46,
标题含环氧乙烷,车前子 ,其他食品/混合 ,,,,2021.1929,农药残留物 ,环氧乙烷 ,mg/kg - ppm,103,,严肃的 ,RASFF,20-04-2021 10:37:46,
标题含环氧乙烷,芹菜 ,草药和香料 ,,,,2021.1663,农药残留物 ,环氧乙烷 ,mg/kg - ppm,"0,44","0,1 mg/kg - ppm",未定 ,RASFF,01-04-2021 14:18:38,
标题含环氧乙烷,去皮芝麻 ,坚果，坚果产品和种子 ,,,,2021.1760,农药残留物 ,环氧乙烷 ,mg/kg - ppm,0.90,0.01 mg/kg - ppm,严肃的 ,RASFF,08-04-2021 15:23:25,
标题含环氧乙烷,芝麻，去皮///芝麻孵化 ,坚果，坚果产品和种子 ,,,,2021.1549,农药残留物 ,环氧乙烷 ,mg/kg - ppm,17,"0,05 mg/kg - ppm",严肃的 ,RASFF,26-03-2021 14:14:46,
标题含环氧乙烷,有机未加工的柠檬姜酒吧 ,谷物和面包店产品 ,,,,2021.1639,农药残留物 ,环氧乙烷 ,mg/kg - ppm,"2,0","0,05 mg/kg - ppm",严肃的 ,RASFF,31-03-2021 17:16:18,
标题含环氧乙烷,姜提取物 ,其他食品/混合 ,,,,2021.3375,农药残留物 ,环氧乙烷 ,mg/kg - ppm,"130,0","0,02 mg/kg - ppm",严肃的 ,RASFF,25-06-2021 18:57:47,
标题含环氧乙烷,姜黄 ,草药和香料 ,,,,2021.3379,农药残留物 ,环氧乙烷 ,mg/kg - ppm,"8,1","0,01 mg/kg - ppm",严肃的 ,RASFF,28-06-2021 11:57:33,
标题含环氧乙烷,来自印度的奥克斯 ,水果和蔬菜 ,,,,2021.0798,农药残留物 ,环氧乙烷 ,mg/kg - ppm,"0,14±0,07",0.02 mg/kg - ppm,严肃的 ,RASFF,15-02-2021 19:48:33,
标题含环氧乙烷,面包店芝麻，罂粟，亚麻布 ,其他食品/混合 ,,,,2021.0805,,,,,,严肃的 ,RASFF,16-02-2021 09:27:59,
标题含环氧乙烷,芝麻油 ,脂肪和油脂 ,,,,2021.0813,农药残留物 ,环氧乙烷 ,mg/kg - ppm,"1,1",,严肃的 ,RASFF,16-02-2021 14:13:25,
标题含环氧乙烷,芝麻油 ,脂肪和油脂 ,,,,2021.0813,农药残留物 ,环氧乙烷 ,mg/kg - ppm,"0,89",,严肃的 ,RASFF,16-02-2021 14:13:25,
标题含环氧乙烷,芝麻油 ,脂肪和油脂 ,,,,2021.0813,农药残留物 ,环氧乙烷 ,mg/kg - ppm,"0,71",,严肃的 ,RASFF,16-02-2021 14:13:25,
标题含环氧乙烷,芝麻油 ,脂肪和油脂 ,,,,2021.0813,农药残留物 ,环氧乙烷 ,mg/kg - ppm,"0,83",,严肃的 ,RASFF,16-02-2021 14:13:25,
标题含环氧乙烷,Backmischung. ,谷物和面包店产品 ,,,,2021.0838,农药残留物 ,环氧乙烷 ,mg/kg - ppm,"<0,01","0,05 mg/kg - ppm",严肃的 ,RASFF,17-02-2021 14:43:04,
标题含环氧乙烷,有机姜，地面 ,草药和香料 ,,,,2021.0818,农药残留物 ,环氧乙烷 ,mg/kg - ppm,"10,9","0,02 (fuer frische Ingwerwurzel) mg/kg - ppm",严肃的 ,RASFF,16-02-2021 16:07:48,
标题含环氧乙烷,有机姜，地面 ,草药和香料 ,,,,2021.0818,农药残留物 ,环氧乙烷 ,mg/kg - ppm,"10,7"," 0,02 (fuer frische Ingwerwurzel)  mg/kg - ppm",严肃的 ,RASFF,16-02-2021 16:07:48,
标题含环氧乙烷,有机姜，地面 ,草药和香料 ,,,,2021.0818,农药残留物 ,环氧乙烷 ,mg/kg - ppm,> 5," 0,02 (fuer frische Ingwerwurzel)  mg/kg - ppm",严肃的 ,RASFF,16-02-2021 16:07:48,
标题含环氧乙烷,有机姜，地面 ,草药和香料 ,,,,2021.0818,农药残留物 ,环氧乙烷 ,mg/kg - ppm,"15,00"," 0,02 (fuer frische Ingwerwurzel)  mg/kg - ppm",严肃的 ,RASFF,16-02-2021 16:07:48,
标题含环氧乙烷,巧克力 ,可可和可可制剂，咖啡和茶 ,,,,2021.0845,农药残留物 ,环氧乙烷 ,mg/kg - ppm,"0,35",,严肃的 ,RASFF,17-02-2021 16:41:41,
标题含环氧乙烷,芝麻籽 ,坚果，坚果产品和种子 ,,,,2021.0848,农药残留物 ,环氧乙烷 ,mg/kg - ppm,18.1,0.05 mg/kg - ppm,严肃的 ,RASFF,18-02-2021 11:38:53,
标题含环氧乙烷,有机机械覆盖的芝麻 ,坚果，坚果产品和种子 ,,,,2021.0851,农药残留物 ,环氧乙烷 ,mg/kg - ppm,2.6,0.05 mg/kg - ppm,严肃的 ,RASFF,18-02-2021 13:25:50,
标题含环氧乙烷,丘比，深烘焙芝麻敷料，12x236ml ,草药和香料 ,,,,2021.0850,农药残留物 ,环氧乙烷 ,mg/kg - ppm,0.12,0.05 mg/kg - ppm,严肃的 ,RASFF,18-02-2021 13:13:33,
标题含环氧乙烷,Sesmen. ,坚果，坚果产品和种子 ,,,,2021.0860,农药残留物 ,环氧乙烷 ,mg/kg - ppm,"8,3","0,05 mg/kg - ppm",严肃的 ,RASFF,18-02-2021 15:22:50,
标题含环氧乙烷,芝麻白种子的印度氧化乙烯污染 ,坚果，坚果产品和种子 ,,,,2021.0861,农药残留物 ,环氧乙烷 ,mg/kg - ppm,23 / 22 / 2 ,,严肃的 ,RASFF,18-02-2021 16:14:11,
标题含环氧乙烷,面包店和糕点产品 ,谷物和面包店产品 ,,,,2021.0888,,,,,,严肃的 ,RASFF,19-02-2021 15:45:38,
标题含环氧乙烷,芝麻芝麻种子 ,坚果，坚果产品和种子 ,,,,2021.0896,,,,,,严肃的 ,RASFF,19-02-2021 17:36:03,
标题含环氧乙烷,面包棒 ,谷物和面包店产品 ,,,,2021.0909,,,,,,严肃的 ,RASFF,22-02-2021 16:20:06,
标题含环氧乙烷,芝麻籽 ,坚果，坚果产品和种子 ,,,,2021.0907,农药残留物 ,环氧乙烷 ,mg/kg - ppm,1.1,0.05 mg/kg - ppm,严肃的 ,RASFF,22-02-2021 15:32:45,
标题含环氧乙烷,芝麻籽 ,坚果，坚果产品和种子 ,,,,2021.0900,农药残留物 ,环氧乙烷 ,mg/kg - ppm,"4,0","0,05 mg/kg - ppm",未定 ,RASFF,22-02-2021 11:03:35,
标题含环氧乙烷,芝麻籽 ,坚果，坚果产品和种子 ,,,,2021.0494,农药残留物 ,环氧乙烷 ,mg/kg - ppm,0.47,0.05 mg/kg - ppm,严肃的 ,RASFF,02-02-2021 14:22:18,
标题含环氧乙烷,黑暗三明治面包 ,谷物和面包店产品 ,,,,2021.0508,,,,,,严肃的 ,RASFF,02-02-2021 16:57:57,
标题含环氧乙烷,芝麻籽 ,谷物和面包店产品 ,,,,2021.0510,农药残留物 ,环氧乙烷 ,mg/kg - ppm,3.6 ±1.8 ,0.05 mg/kg - ppm,严肃的 ,RASFF,02-02-2021 17:18:07,
标题含环氧乙烷,有机芝麻 ,坚果，坚果产品和种子 ,,,,2021.0562,农药残留物 ,环氧乙烷 ,mg/kg - ppm,9.8,0.05 mg/kg - ppm,严肃的 ,RASFF,04-02-2021 15:48:16,
标题含环氧乙烷,芝麻籽去皮了 ,坚果，坚果产品和种子 ,,,,2021.0564,,,,,,严肃的 ,RASFF,04-02-2021 16:07:57,
标题含环氧乙烷,预烘焙面包 ,谷物和面包店产品 ,,,,2021.0571,,,,,,严肃的 ,RASFF,04-02-2021 17:56:11,
标题含环氧乙烷,芝麻籽 ,坚果，坚果产品和种子 ,,,,2021.0619,农药残留物 ,环氧乙烷 ,mg/kg - ppm,1.93,0.05 mg/kg - ppm,严肃的 ,RASFF,08-02-2021 10:47:27,
标题含环氧乙烷,芝麻面包棒 ,谷物和面包店产品 ,,,,2021.0608,农药残留物 ,环氧乙烷 ,,,,严肃的 ,RASFF,05-02-2021 15:43:47,
标题含环氧乙烷,芝麻籽和奶酪油酥点心饼干 ,其他食品/混合 ,,,,2021.0623,,,,,,严肃的 ,RASFF,08-02-2021 11:57:07,
标题含环氧乙烷,格里尼尼圣巴菲奥 ,谷物和面包店产品 ,,,,2021.0690,,,,,,未定 ,RASFF,10-02-2021 16:47:48,
标题含环氧乙烷,Sesampaste ///芝麻糊 ,坚果，坚果产品和种子 ,,,,2021.0691,农药残留物 ,环氧乙烷 ,mg/kg - ppm,"0,23","0,05 mg/kg - ppm",严肃的 ,RASFF,10-02-2021 16:48:52,
标题含环氧乙烷,枯萎的芝麻 ,坚果，坚果产品和种子 ,,,,2021.0717,农药残留物 ,环氧乙烷 ,mg/kg - ppm,0.22,0.05 mg/kg - ppm,严肃的 ,RASFF,11-02-2021 14:00:23,
标题含环氧乙烷,茴香蛋糕和有机蛋糕 ,谷物和面包店产品 ,,,,2021.0180,,,,,,未定 ,RASFF,13-01-2021 18:04:19,
标题含环氧乙烷,芝麻籽 ,坚果，坚果产品和种子 ,,,,2021.0204,农药残留物 ,环氧乙烷 ,mg/kg - ppm,12,0.05 mg/kg - ppm,严肃的 ,RASFF,14-01-2021 16:54:44,
标题含环氧乙烷,芝麻籽 ,坚果，坚果产品和种子 ,,,,2021.0207,农药残留物 ,环氧乙烷 ,mg/kg - ppm,"2,5","0,05 mg/kg - ppm",严肃的 ,RASFF,14-01-2021 17:42:16,
标题含环氧乙烷,芝麻籽 ,坚果，坚果产品和种子 ,,,,2021.0207,农药残留物 ,环氧乙烷 ,mg/kg - ppm,"0,85","0,05 mg/kg - ppm",严肃的 ,RASFF,14-01-2021 17:42:16,
标题含环氧乙烷,芝麻籽 ,坚果，坚果产品和种子 ,,,,2021.0207,农药残留物 ,环氧乙烷 ,mg/kg - ppm,"1,3","0,05 mg/kg - ppm",严肃的 ,RASFF,14-01-2021 17:42:16,
标题含环氧乙烷,芝麻籽 ,坚果，坚果产品和种子 ,,,,2021.0207,农药残留物 ,环氧乙烷 ,mg/kg - ppm,"1,2","0,05 mg/kg - ppm",严肃的 ,RASFF,14-01-2021 17:42:16,
标题含环氧乙烷,芝麻籽 ,坚果，坚果产品和种子 ,,,,2021.0226,农药残留物 ,环氧乙烷 ,mg/kg - ppm,0.82,0.05 mg/kg - ppm,严肃的 ,RASFF,15-01-2021 15:42:16,
标题含环氧乙烷,芝麻籽 ,坚果，坚果产品和种子 ,,,,2021.0241,农药残留物 ,环氧乙烷 ,mg/kg - ppm,1.8,0.05 mg/kg - ppm,严肃的 ,RASFF,18-01-2021 11:11:03,
标题含环氧乙烷,芝麻籽 ,坚果，坚果产品和种子 ,,,,2021.0241,农药残留物 ,环氧乙烷 ,mg/kg - ppm,0.094,0.05 mg/kg - ppm,严肃的 ,RASFF,18-01-2021 11:11:03,
标题含环氧乙烷,芝麻籽 ,坚果，坚果产品和种子 ,,,,2021.0247,农药残留物 ,环氧乙烷 ,mg/kg - ppm,0.94,0.05 mg/kg - ppm,严肃的 ,RASFF,18-01-2021 12:40:13,
标题含环氧乙烷,芝麻籽 ,坚果，坚果产品和种子 ,,,,2021.0252,,,,,,严肃的 ,RASFF,18-01-2021 14:20:51,
标题含环氧乙烷,Sesmen. ,坚果，坚果产品和种子 ,,,,2021.0269,,,,,,严肃的 ,RASFF,19-01-2021 13:11:40,
标题含环氧乙烷,Sesamsamen ///芝麻 ,坚果，坚果产品和种子 ,,,,2021.0258,农药残留物 ,环氧乙烷 ,mg/kg - ppm,"0,15","0,05 mg/kg - ppm",严肃的 ,RASFF,18-01-2021 16:22:09,
标题含环氧乙烷,黑芝麻 ,坚果，坚果产品和种子 ,,,,2021.0295,农药残留物 ,环氧乙烷 ,mg/kg - ppm,0.16,0.05 mg/kg - ppm,严肃的 ,RASFF,20-01-2021 14:34:18,
标题含环氧乙烷,鹰嘴豆泥辣椒辣椒 ,其他食品/混合 ,,,,2021.0297,,,,,,严肃的 ,RASFF,20-01-2021 15:02:18,
标题含环氧乙烷,芝麻籽 ,坚果，坚果产品和种子 ,,,,2021.0300,农药残留物 ,环氧乙烷 ,mg/kg - ppm,0.15,0.05 mg/kg - ppm,严肃的 ,RASFF,20-01-2021 15:49:56,
标题含环氧乙烷,有机机械覆盖芝麻 ,坚果，坚果产品和种子 ,,,,2021.0302,农药残留物 ,环氧乙烷 ,mg/kg - ppm,0.17,0.05 mg/kg - ppm,严肃的 ,RASFF,20-01-2021 16:20:28,
标题含环氧乙烷,芝麻籽 ,坚果，坚果产品和种子 ,,,,2021.0304,农药残留物 ,环氧乙烷 ,mg/kg - ppm,0.58,0.05 mg/kg - ppm,严肃的 ,RASFF,20-01-2021 16:40:53,
标题含环氧乙烷,有机芝麻 ,坚果，坚果产品和种子 ,,,,2021.0305,农药残留物 ,环氧乙烷 ,mg/kg - ppm,>0.4,0.05 mg/kg - ppm,严肃的 ,RASFF,20-01-2021 16:42:15,
标题含环氧乙烷,芝麻籽 ,坚果，坚果产品和种子 ,,,,2021.0308,农药残留物 ,环氧乙烷 ,mg/kg - ppm,> 5.0,0.05 mg/kg - ppm,严肃的 ,RASFF,20-01-2021 17:10:27,
标题含环氧乙烷,芝麻籽去皮///芝麻籽壳 ,坚果，坚果产品和种子 ,,,,2020.6066,农药残留物 ,环氧乙烷 ,mg/kg - ppm,18,"0,05 mg/kg - ppm",严肃的 ,RASFF,29-12-2020 13:47:25,
标题含环氧乙烷,芝麻籽去皮///芝麻籽壳 ,坚果，坚果产品和种子 ,,,,2020.6066,农药残留物 ,环氧乙烷 ,mg/kg - ppm,">5,0","0,05 mg/kg - ppm",严肃的 ,RASFF,29-12-2020 13:47:25,
标题含环氧乙烷,芝麻籽，耐心 ,坚果，坚果产品和种子 ,,,,2020.6067,,,,,,严肃的 ,RASFF,29-12-2020 14:27:42,
标题含环氧乙烷,杏仁手指和蔓越莓的酒吧 ,坚果，坚果产品和种子 ,,,,2020.6087,农药残留物 ,环氧乙烷 ,mg/kg - ppm,>2 ,,严肃的 ,RASFF,30-12-2020 12:53:28,
标题含环氧乙烷,芝麻籽 ,坚果，坚果产品和种子 ,,,,2021.0018,农药残留物 ,环氧乙烷 ,mg/kg - ppm,"39,93",0.05 mg/kg - ppm,严肃的 ,RASFF,04-01-2021 16:25:58,
标题含环氧乙烷,芝麻籽 ,坚果，坚果产品和种子 ,,,,2021.0020,农药残留物 ,环氧乙烷 ,mg/kg - ppm,2.3,0.05 mg/kg - ppm,严肃的 ,RASFF,04-01-2021 16:41:02,
标题含环氧乙烷,芝麻籽 ,坚果，坚果产品和种子 ,,,,2021.0020,农药残留物 ,环氧乙烷 ,mg/kg - ppm,2.1,0.05 mg/kg - ppm,严肃的 ,RASFF,04-01-2021 16:41:02,
标题含环氧乙烷,芝麻籽 ,坚果，坚果产品和种子 ,,,,2021.0020,农药残留物 ,环氧乙烷 ,mg/kg - ppm,4.01,0.05 mg/kg - ppm,严肃的 ,RASFF,04-01-2021 16:41:02,
标题含环氧乙烷,芝麻籽 ,坚果，坚果产品和种子 ,,,,2021.0032,农药残留物 ,环氧乙烷 ,mg/kg - ppm,"1,86±0,93",,严肃的 ,RASFF,05-01-2021 12:40:02,
标题含环氧乙烷,芝麻籽 ,坚果，坚果产品和种子 ,,,,2021.0031,农药残留物 ,环氧乙烷 ,mg/kg - ppm,2.3,0.05 mg/kg - ppm,严肃的 ,RASFF,05-01-2021 12:00:36,
标题含环氧乙烷,芝麻籽 ,坚果，坚果产品和种子 ,,,,2021.0038,农药残留物 ,环氧乙烷 ,mg/kg - ppm,1.8,0.05 mg/kg - ppm,严肃的 ,RASFF,05-01-2021 14:35:41,
标题含环氧乙烷,芝麻籽 ,坚果，坚果产品和种子 ,,,,2021.0044,农药残留物 ,环氧乙烷 ,mg/kg - ppm,"8,6",0.05 mg/kg - ppm,严肃的 ,RASFF,05-01-2021 16:19:48,
标题含环氧乙烷,芝麻籽 ,坚果，坚果产品和种子 ,,,,2021.0046,农药残留物 ,环氧乙烷 ,mg/kg - ppm,"39,93",0.05 mg/kg - ppm,严肃的 ,RASFF,05-01-2021 17:07:54,
标题含环氧乙烷,芝麻籽 ,坚果，坚果产品和种子 ,,,,2021.0047,农药残留物 ,环氧乙烷 ,mg/kg - ppm,"2,8","0,05 mg/kg - ppm",严肃的 ,RASFF,05-01-2021 17:31:00,
标题含环氧乙烷,芝麻籽 ,坚果，坚果产品和种子 ,,,,2021.0053,农药残留物 ,环氧乙烷 ,mg/kg - ppm,"39,93",0.05 mg/kg - ppm,严肃的 ,RASFF,06-01-2021 10:23:55,
标题含环氧乙烷,芝麻籽 ,坚果，坚果产品和种子 ,,,,2021.0074,农药残留物 ,环氧乙烷 ,mg/kg - ppm,"5,7","0,05 mg/kg - ppm",严肃的 ,RASFF,07-01-2021 13:27:57,
标题含环氧乙烷,生物芝麻去皮///有机覆盖芝麻籽 ,坚果，坚果产品和种子 ,,,,2021.0080,农药残留物 ,环氧乙烷 ,mg/kg - ppm,> 5 ,"0,05 mg/kg - ppm",严肃的 ,RASFF,07-01-2021 16:09:42,
标题含环氧乙烷,芝麻白色去皮 - 芝麻白色耐用 ,坚果，坚果产品和种子 ,,,,2021.0108,农药残留物 ,环氧乙烷 ,mg/kg - ppm,"> 5,0 // 0,38","0,05 mg/kg - ppm",严肃的 ,RASFF,08-01-2021 16:12:40,
标题含环氧乙烷,芝麻籽 ,坚果，坚果产品和种子 ,,,,2021.0124,农药残留物 ,环氧乙烷 ,mg/kg - ppm,39.93,0.05,严肃的 ,RASFF,11-01-2021 12:42:53,
标题含环氧乙烷,Backmischung  - 无麸质烘焙混合 ,谷物和面包店产品 ,,,,2020.5954,农药残留物 ,环氧乙烷 ,,,,严肃的 ,RASFF,22-12-2020 15:08:02,
标题含环氧乙烷,生物芝麻皮 ,坚果，坚果产品和种子 ,,,,2020.5964,,,,,,严肃的 ,RASFF,22-12-2020 17:42:10,
标题含环氧乙烷,谷物和种子的射击 ,谷物和面包店产品 ,,,,2020.5967,,,,,,严肃的 ,RASFF,22-12-2020 19:25:04,
标题含环氧乙烷,薄脆 ,谷物和面包店产品 ,,,,2020.5977,,,,,,未定 ,RASFF,23-12-2020 11:24:04,
标题含环氧乙烷,芝麻籽 ,坚果，坚果产品和种子 ,,,,2020.5980,农药残留物 ,环氧乙烷 ,mg/kg - ppm,0.061,0.05 mg/kg - ppm,严肃的 ,RASFF,23-12-2020 11:43:42,
标题含环氧乙烷,冷冻食品的各种类型，见附件 - 冷冻面包店产品 ,谷物和面包店产品 ,,,,2020.5983,农药残留物 ,环氧乙烷 ,mg/kg dry matter,"0,22","0,05 mg/kg dry matter",严肃的 ,RASFF,23-12-2020 12:03:55,
标题含环氧乙烷,芝麻籽 - 白色 ,坚果，坚果产品和种子 ,,,,2020.5994,农药残留物 ,环氧乙烷 ,mg/kg - ppm,"11,1 +/- 5,5 ; 0,054 +/- 0,027",,严肃的 ,RASFF,23-12-2020 15:24:03,
标题含环氧乙烷,芝麻籽 ,坚果，坚果产品和种子 ,,,,2020.5996,农药残留物 ,环氧乙烷 ,mg/kg - ppm,2.6,0.05 mg/kg - ppm,严肃的 ,RASFF,23-12-2020 15:45:30,
标题含环氧乙烷,有机芝麻 ,坚果，坚果产品和种子 ,,,,2020.5998,农药残留物 ,环氧乙烷 ,mg/kg - ppm,0.97,0.05 mg/kg - ppm,严肃的 ,RASFF,23-12-2020 15:53:04,
标题含环氧乙烷,有机芝麻 ,坚果，坚果产品和种子 ,,,,2020.5998,农药残留物 ,环氧乙烷 ,mg/kg - ppm,2.3,0.05 mg/kg - ppm,严肃的 ,RASFF,23-12-2020 15:53:04,
标题含环氧乙烷,芝麻酱 ,坚果，坚果产品和种子 ,,,,2020.6002,农药残留物 ,环氧乙烷 ,mg/kg - ppm,7.2,0.05 mg/kg - ppm,严肃的 ,RASFF,23-12-2020 16:36:28,
标题含环氧乙烷,芝麻籽 ,坚果，坚果产品和种子 ,,,,2020.6003,农药残留物 ,环氧乙烷 ,mg/kg - ppm,1.8,0.05 mg/kg - ppm,严肃的 ,RASFF,23-12-2020 16:52:21,
标题含环氧乙烷,芝麻籽 ,坚果，坚果产品和种子 ,,,,2020.6014,农药残留物 ,环氧乙烷 ,mg/kg - ppm,0.058,0.05 mg/kg - ppm,严肃的 ,RASFF,23-12-2020 19:29:08,
标题含环氧乙烷,芝麻种子非常剥皮 ,坚果，坚果产品和种子 ,,,,2020.6015,,,,,,严肃的 ,RASFF,23-12-2020 20:18:59,
标题含环氧乙烷,芝麻籽 ,坚果，坚果产品和种子 ,,,,2020.6022,,,,,,严肃的 ,RASFF,24-12-2020 11:29:52,
标题含环氧乙烷,芝麻籽 ,坚果，坚果产品和种子 ,,,,2020.6025,农药残留物 ,环氧乙烷 ,mg/kg - ppm,"1,84",0.05,严肃的 ,RASFF,24-12-2020 12:41:50,
标题含环氧乙烷,芝麻籽 ,坚果，坚果产品和种子 ,,,,2020.6026,农药残留物 ,环氧乙烷 ,mg/kg - ppm,26.3,0.05 mg/kg - ppm,严肃的 ,RASFF,24-12-2020 12:48:56,
标题含环氧乙烷,芝麻籽 ,坚果，坚果产品和种子 ,,,,2020.5832,农药残留物 ,环氧乙烷 ,mg/kg - ppm,14,0.05 mg/kg - ppm,严肃的 ,RASFF,17-12-2020 15:27:17,
标题含环氧乙烷,芝麻籽 ,坚果，坚果产品和种子 ,,,,2020.5836,农药残留物 ,环氧乙烷 ,mg/kg - ppm,0.17,0.05 mg/kg - ppm,严肃的 ,RASFF,17-12-2020 16:55:58,
标题含环氧乙烷,芝麻籽 ,坚果，坚果产品和种子 ,,,,2020.5840,农药残留物 ,环氧乙烷 ,mg/kg - ppm,75.7,0.05 mg/kg - ppm,严肃的 ,RASFF,17-12-2020 17:25:48,
标题含环氧乙烷,芝麻籽 ,坚果，坚果产品和种子 ,,,,2020.5842,农药残留物 ,环氧乙烷 ,mg/kg - ppm,13,0.05 mg/kg - ppm,严肃的 ,RASFF,17-12-2020 17:28:29,
标题含环氧乙烷,芝麻籽 ,坚果，坚果产品和种子 ,,,,2020.5843,农药残留物 ,环氧乙烷 ,mg/kg - ppm,"4,6",0.05 mg/kg - ppm,严肃的 ,RASFF,17-12-2020 17:32:03,
标题含环氧乙烷,芝麻籽 ,坚果，坚果产品和种子 ,,,,2020.5846,农药残留物 ,环氧乙烷 ,mg/kg - ppm,"> 5,0","0,05 mg/kg - ppm",严肃的 ,RASFF,17-12-2020 17:43:24,
标题含环氧乙烷,芝麻籽 ,坚果，坚果产品和种子 ,,,,2020.5847,农药残留物 ,环氧乙烷 ,mg/kg - ppm,1.0,0.05 mg/kg - ppm,严肃的 ,RASFF,17-12-2020 17:46:15,
标题含环氧乙烷,芝麻籽 ,坚果，坚果产品和种子 ,,,,2020.5848,农药残留物 ,环氧乙烷 ,mg/kg - ppm,5.6,0.05 mg/kg - ppm,严肃的 ,RASFF,17-12-2020 17:49:51,
标题含环氧乙烷,芝麻籽去皮///芝麻籽壳 ,坚果，坚果产品和种子 ,,,,2020.5850,农药残留物 ,环氧乙烷 ,mg/kg - ppm,2.7,0.05 mg/kg - ppm,严肃的 ,RASFF,17-12-2020 18:11:29,
标题含环氧乙烷,芝麻籽去皮///芝麻籽壳 ,坚果，坚果产品和种子 ,,,,2020.5850,农药残留物 ,环氧乙烷 ,mg/kg - ppm,2.5 ,0.05 mg/kg - ppm,严肃的 ,RASFF,17-12-2020 18:11:29,
标题含环氧乙烷,芝麻籽 ,坚果，坚果产品和种子 ,,,,2020.5853,农药残留物 ,环氧乙烷 ,mg/kg - ppm,2.09,0.05 mg/kg - ppm,严肃的 ,RASFF,18-12-2020 09:45:12,
标题含环氧乙烷,Zaatar. ,草药和香料 ,,,,2020.5866,,,,,,严肃的 ,RASFF,18-12-2020 12:59:29,
标题含环氧乙烷,面包种子。 ,谷物和面包店产品 ,,,,2020.5882,,,,,,严肃的 ,RASFF,18-12-2020 15:46:00,
标题含环氧乙烷,去皮芝麻 ,其他食品/混合 ,,,,2020.5894,农药残留物 ,环氧乙烷 ,mg/kg - ppm,"5,6","0,05 mg/kg - ppm",严肃的 ,RASFF,18-12-2020 16:43:20,
标题含环氧乙烷,芝麻籽 ,坚果，坚果产品和种子 ,,,,2020.5901,农药残留物 ,环氧乙烷 ,mg/kg - ppm,>5,"0,05 mg/kg - ppm",严肃的 ,RASFF,21-12-2020 09:29:12,
标题含环氧乙烷,Floh联合秤 ,坚果，坚果产品和种子 ,,,,2020.5921,农药残留物 ,环氧乙烷 ,mg/kg - ppm,"2,4","0,1 mg/kg - ppm",严肃的 ,RASFF,21-12-2020 16:33:38,
标题含环氧乙烷,生物挑逗Sesammus。 ,坚果，坚果产品和种子 ,,,,2020.5928,农药残留物 ,环氧乙烷 ,mg/kg - ppm,"0,12",,严肃的 ,RASFF,21-12-2020 17:50:48,
标题含环氧乙烷,芝麻籽 ,坚果，坚果产品和种子 ,,,,2020.5690,农药残留物 ,环氧乙烷 ,mg/kg - ppm,2.8,0.05 mg/kg - ppm,严肃的 ,RASFF,11-12-2020 11:15:28,
标题含环氧乙烷,用芝麻连续饼干 ,准备好的菜肴和小吃 ,,,,2020.5692,农药残留物 ,2-氯乙醇 ,mg/kg - ppm,"5,5",,严肃的 ,RASFF,11-12-2020 12:32:17,
标题含环氧乙烷,芝麻自然烤 ,坚果，坚果产品和种子 ,,,,2020.5694,农药残留物 ,环氧乙烷 ,mg/kg - ppm,"> 5,0","0,05 mg/kg - ppm",严肃的 ,RASFF,11-12-2020 13:18:46,
标题含环氧乙烷,芝麻自然烤 ,坚果，坚果产品和种子 ,,,,2020.5694,农药残留物 ,环氧乙烷 ,mg/kg - ppm,"3,3","0,05 mg/kg - ppm",严肃的 ,RASFF,11-12-2020 13:18:46,
标题含环氧乙烷,骂芝麻Biomonti（12x150g） ,谷物和面包店产品 ,,,,2020.5695,,,,,,严肃的 ,RASFF,11-12-2020 14:07:10,
标题含环氧乙烷,芝麻种子去皮///芝麻籽耐用 ,坚果，坚果产品和种子 ,,,,2020.5723,农药残留物 ,环氧乙烷 ,mg/kg - ppm,"3,7 +/- 1,9","0,05 mg/kg - ppm",严肃的 ,RASFF,14-12-2020 10:35:13,
标题含环氧乙烷,SESAMO免费PACKS 130g的卡萨里纳尔迪 ,谷物和面包店产品 ,,,,2020.5713,,,,,,严肃的 ,RASFF,11-12-2020 19:49:31,
标题含环氧乙烷,瑟敏特的苏三/// sesame seeds ,坚果，坚果产品和种子 ,,,,2020.5725,农药残留物 ,环氧乙烷 ,mg/kg - ppm,5.7,0.05 mg/kg - ppm,严肃的 ,RASFF,14-12-2020 11:23:13,
标题含环氧乙烷,迷你公民 ,肉类和肉类产品（家禽除外） ,,,,2020.5737,,,,,,未定 ,RASFF,14-12-2020 16:33:44,
标题含环氧乙烷,芝麻籽耐受有机 ,坚果，坚果产品和种子 ,,,,2020.5742,,,,,,严肃的 ,RASFF,14-12-2020 17:01:54,
标题含环氧乙烷,混合种子，混合管，天然牛奶什锦早餐和天然芝麻 ,坚果，坚果产品和种子 ,,,,2020.5743,,,,,,严肃的 ,RASFF,14-12-2020 17:19:24,
标题含环氧乙烷,芝麻籽 ,坚果，坚果产品和种子 ,,,,2020.5754,农药残留物 ,环氧乙烷 ,mg/kg - ppm,2.9,0.05 mg/kg - ppm,严肃的 ,RASFF,15-12-2020 12:23:51,
标题含环氧乙烷,芝麻籽 ,坚果，坚果产品和种子 ,,,,2020.5766,农药残留物 ,环氧乙烷 ,mg/kg - ppm,"> 5,0","0,05 mg/kg - ppm",严肃的 ,RASFF,15-12-2020 15:28:08,
标题含环氧乙烷,芝麻籽 ,坚果，坚果产品和种子 ,,,,2020.5768,农药残留物 ,环氧乙烷 ,mg/kg - ppm,4.6,0.05 mg/kg - ppm,严肃的 ,RASFF,15-12-2020 15:43:47,
标题含环氧乙烷,芝麻籽 ,坚果，坚果产品和种子 ,,,,2020.5761,农药残留物 ,环氧乙烷 ,mg/kg - ppm,"? 5,0","0,05 mg/kg - ppm",严肃的 ,RASFF,15-12-2020 13:58:38,
标题含环氧乙烷,Sesamsamen ///芝麻 ,坚果，坚果产品和种子 ,,,,2020.5756,农药残留物 ,环氧乙烷 ,mg/kg - ppm,"6,24",,严肃的 ,RASFF,15-12-2020 13:00:30,
标题含环氧乙烷,芝麻籽 ,坚果，坚果产品和种子 ,,,,2020.5777,农药残留物 ,环氧乙烷 ,mg/kg - ppm,"1,2","0,05 mg/kg - ppm",严肃的 ,RASFF,15-12-2020 17:03:37,
标题含环氧乙烷,Sapori＆Pleasures Pop'n Fit蓝莓125 G ,谷物和面包店产品 ,,,,2020.5599,,,,,,严肃的 ,RASFF,07-12-2020 16:30:34,
标题含环氧乙烷,芝麻籽 ,坚果，坚果产品和种子 ,,,,2020.5610,农药残留物 ,环氧乙烷 ,mg/kg - ppm,0.44,0.05 mg/kg - ppm,严肃的 ,RASFF,08-12-2020 12:02:46,
标题含环氧乙烷,芝麻籽 ,坚果，坚果产品和种子 ,,,,2020.5610,农药残留物 ,环氧乙烷 ,mg/kg - ppm,5,0.05 mg/kg - ppm,严肃的 ,RASFF,08-12-2020 12:02:46,
标题含环氧乙烷,SUSAN SEMINTE 99.95％ - 芝麻 ,坚果，坚果产品和种子 ,,,,2020.5615,农药残留物 ,环氧乙烷 ,mg/kg - ppm,40 +/-20,"0,05 mg/kg - ppm",严肃的 ,RASFF,08-12-2020 15:34:50,
标题含环氧乙烷,奶酪糕点 ,准备好的菜肴和小吃 ,,,,2020.5618,,,,,,未定 ,RASFF,08-12-2020 16:01:20,
标题含环氧乙烷,面包产品 ,谷物和面包店产品 ,,,,2020.5621,农药残留物 ,环氧乙烷 ,mg/kg - ppm,"0,062",,严肃的 ,RASFF,08-12-2020 16:46:19,
标题含环氧乙烷,面包产品 ,谷物和面包店产品 ,,,,2020.5621,农药残留物 ,环氧乙烷 ,mg/kg - ppm,"0,076",,严肃的 ,RASFF,08-12-2020 16:46:19,
标题含环氧乙烷,枯萎的芝麻 ,坚果，坚果产品和种子 ,,,,2020.5628,农药残留物 ,环氧乙烷 ,mg/kg - ppm,"3,6","0,05 mg/kg - ppm",严肃的 ,RASFF,08-12-2020 17:57:14,
标题含环氧乙烷,有机芝麻种子耐用 ,坚果，坚果产品和种子 ,,,,2020.5639,农药残留物 ,环氧乙烷 ,mg/kg - ppm,0.77,0.05 mg/kg - ppm,严肃的 ,RASFF,09-12-2020 15:11:55,
标题含环氧乙烷,芝麻去皮芝麻籽 ,坚果，坚果产品和种子 ,,,,2020.5643,农药残留物 ,环氧乙烷 ,mg/kg - ppm,"14,40 (Summe aus Ethylenoxid und 2-Chlorethanol, ausgedrückt als Ethylenoxid)","0,05 mg/kg - ppm",严肃的 ,RASFF,09-12-2020 15:44:14,
标题含环氧乙烷,芝麻 ,坚果，坚果产品和种子 ,,,,2020.5650,农药残留物 ,环氧乙烷 ,mg/kg - ppm,"7,8","0,05 mg/kg - ppm",严肃的 ,RASFF,09-12-2020 17:35:03,
标题含环氧乙烷,生物芝麻油 ,脂肪和油脂 ,,,,2020.5646,农药残留物 ,2-氯乙醇 ,mg/kg - ppm,"15,2 // 0,819","0,05 mg/kg - ppm",严肃的 ,RASFF,09-12-2020 16:28:24,
标题含环氧乙烷,梅斯利 ,谷物和面包店产品 ,,,,2020.5651,,,,,,严肃的 ,RASFF,09-12-2020 17:54:39,
标题含环氧乙烷,芝麻籽耐受有机 ,坚果，坚果产品和种子 ,,,,2020.5670,农药残留物 ,环氧乙烷 ,mg/kg - ppm,1.6,0.05 mg/kg - ppm,严肃的 ,RASFF,10-12-2020 17:03:03,
标题含环氧乙烷,芝麻籽 ,坚果，坚果产品和种子 ,,,,2020.5671,农药残留物 ,环氧乙烷 ,mg/kg - ppm,> 5.0,0.05 mg/kg - ppm,严肃的 ,RASFF,10-12-2020 17:15:15,
标题含环氧乙烷,芝麻籽 ,坚果，坚果产品和种子 ,,,,2020.5672,农药残留物 ,环氧乙烷 ,mg/kg - ppm,0.96,0.05 mg/kg - ppm,严肃的 ,RASFF,10-12-2020 17:16:50,
标题含环氧乙烷,有机芝麻种子耐用 ,坚果，坚果产品和种子 ,,,,2020.5673,农药残留物 ,环氧乙烷 ,mg/kg - ppm,0.6,0.05 mg/kg - ppm,严肃的 ,RASFF,10-12-2020 17:18:11,
标题含环氧乙烷,芝麻籽 ,坚果，坚果产品和种子 ,,,,2020.5465,农药残留物 ,环氧乙烷 ,mg/kg - ppm,3.7,0.05 mg/kg - ppm,严肃的 ,RASFF,01-12-2020 17:08:55,
标题含环氧乙烷,糕点棒与芝麻 ,谷物和面包店产品 ,,,,2020.5464,,,,,,未定 ,RASFF,01-12-2020 17:03:02,
标题含环氧乙烷,有机谷物Biscoutes帕斯基耶尔/ Biocoop ,谷物和面包店产品 ,,,,2020.5466,,,,,,未定 ,RASFF,01-12-2020 17:34:44,
标题含环氧乙烷,芝麻籽 ,坚果，坚果产品和种子 ,,,,2020.5470,农药残留物 ,环氧乙烷 ,mg/kg - ppm,4.4,0.05 mg/kg - ppm,严肃的 ,RASFF,02-12-2020 08:52:51,
标题含环氧乙烷,芝麻籽 ,坚果，坚果产品和种子 ,,,,2020.5470,农药残留物 ,环氧乙烷 ,mg/kg - ppm,>5.0,0.05 mg/kg - ppm,严肃的 ,RASFF,02-12-2020 08:52:51,
标题含环氧乙烷,芝麻籽 ,谷物和面包店产品 ,,,,2020.5473,农药残留物 ,环氧乙烷 ,mg/kg - ppm,3.0,0.05 mg/kg - ppm,严肃的 ,RASFF,02-12-2020 09:37:01,
标题含环氧乙烷,有机苋菜 ,坚果，坚果产品和种子 ,,,,2020.5476,农药残留物 ,环氧乙烷 ,mg/kg - ppm,0.061,0.02 mg/kg - ppm,严肃的 ,RASFF,02-12-2020 10:30:18,
标题含环氧乙烷,Tajin沙拉 ,其他食品/混合 ,,,,2020.5477,农药残留物 ,环氧乙烷 ,mg/kg - ppm,1.2,0.05 mg/kg - ppm,严肃的 ,RASFF,02-12-2020 10:41:04,
标题含环氧乙烷,芝麻烤了 ,坚果，坚果产品和种子 ,,,,2020.5480,农药残留物 ,环氧乙烷 ,mg/kg - ppm,0.77,0.05 mg/kg - ppm,严肃的 ,RASFF,02-12-2020 11:11:08,
标题含环氧乙烷,芝麻烤了 ,坚果，坚果产品和种子 ,,,,2020.5480,农药残留物 ,环氧乙烷 ,mg/kg - ppm,0.59,0.05 mg/kg - ppm,严肃的 ,RASFF,02-12-2020 11:11:08,
标题含环氧乙烷,芝麻烤了 ,坚果，坚果产品和种子 ,,,,2020.5480,农药残留物 ,环氧乙烷 ,mg/kg - ppm,1.1,0.05 mg/kg - ppm,严肃的 ,RASFF,02-12-2020 11:11:08,
标题含环氧乙烷,芝麻烤了 ,坚果，坚果产品和种子 ,,,,2020.5480,农药残留物 ,环氧乙烷 ,mg/kg - ppm,3.5,0.05 mg/kg - ppm,严肃的 ,RASFF,02-12-2020 11:11:08,
标题含环氧乙烷,芝麻烤了 ,坚果，坚果产品和种子 ,,,,2020.5483,农药残留物 ,环氧乙烷 ,mg/kg - ppm,0.35,0.05 mg/kg - ppm,严肃的 ,RASFF,02-12-2020 11:36:24,
标题含环氧乙烷,芝麻烤了 ,坚果，坚果产品和种子 ,,,,2020.5483,农药残留物 ,环氧乙烷 ,mg/kg - ppm,0.37,0.05 mg/kg - ppm,严肃的 ,RASFF,02-12-2020 11:36:24,
标题含环氧乙烷,芝麻烤了 ,坚果，坚果产品和种子 ,,,,2020.5483,农药残留物 ,环氧乙烷 ,mg/kg - ppm,0.61,0.05,严肃的 ,RASFF,02-12-2020 11:36:24,
标题含环氧乙烷,芝麻烤了 ,坚果，坚果产品和种子 ,,,,2020.5483,农药残留物 ,环氧乙烷 ,mg/kg - ppm,0.5,0.05 mg/kg - ppm,严肃的 ,RASFF,02-12-2020 11:36:24,
标题含环氧乙烷,芝麻烤了 ,坚果，坚果产品和种子 ,,,,2020.5483,农药残留物 ,环氧乙烷 ,mg/kg - ppm,0.13,0.05 mg/kg - ppm,严肃的 ,RASFF,02-12-2020 11:36:24,
标题含环氧乙烷,金枪鱼蔓延 ,其他食品/混合 ,,,,2020.5507,农药残留物 ,环氧乙烷 ,mg/kg - ppm,"0,032",,严肃的 ,RASFF,02-12-2020 18:53:36,
标题含环氧乙烷,有机芝麻种子自然 ,坚果，坚果产品和种子 ,,,,2020.5509,农药残留物 ,环氧乙烷 ,mg/kg - ppm,0.14,0.05 mg/kg - ppm,严肃的 ,RASFF,03-12-2020 10:26:26,
标题含环氧乙烷,金枪鱼蔓延 ,其他食品/混合 ,,,,2020.5507,农药残留物 ,环氧乙烷 ,mg/kg - ppm,"0,027",,严肃的 ,RASFF,02-12-2020 18:53:36,
标题含环氧乙烷,有机芝麻籽无菌 ,坚果，坚果产品和种子 ,,,,2020.5529,农药残留物 ,环氧乙烷 ,mg/kg - ppm,0.39,0.05 mg/kg - ppm,严肃的 ,RASFF,03-12-2020 15:42:54,
标题含环氧乙烷,有机苋菜 ,坚果，坚果产品和种子 ,,,,2020.5526,农药残留物 ,环氧乙烷 ,mg/kg - ppm,0.049,0.02 mg/kg - ppm,严肃的 ,RASFF,03-12-2020 15:31:32,
标题含环氧乙烷,芝麻籽 ,坚果，坚果产品和种子 ,,,,2020.5532,农药残留物 ,环氧乙烷 ,mg/kg - ppm,2.7,0.05 mg/kg - ppm,严肃的 ,RASFF,03-12-2020 15:53:04,
标题含环氧乙烷,黑色芝麻面包汉堡和面包从汉堡阿尔德阿达黑色 ,谷物和面包店产品 ,,,,2020.5534,,,,,,严肃的 ,RASFF,03-12-2020 16:08:31,
标题含环氧乙烷,芝麻烤了 ,坚果，坚果产品和种子 ,,,,2020.5539,,,,,,严肃的 ,RASFF,03-12-2020 16:57:23,
标题含环氧乙烷,有机芝麻 ,坚果，坚果产品和种子 ,,,,2020.5535,农药残留物 ,环氧乙烷 ,mg/kg - ppm,+5,"0,005 mg/kg - ppm",严肃的 ,RASFF,03-12-2020 16:18:39,
标题含环氧乙烷,黑色芝麻和面包店与芝麻混合 ,坚果，坚果产品和种子 ,,,,2020.5540,农药残留物 ,环氧乙烷 ,mg/kg - ppm,"2,7","0,05 mg/kg - ppm",严肃的 ,RASFF,03-12-2020 17:14:41,
标题含环氧乙烷,有机芝麻 ,坚果，坚果产品和种子 ,,,,2020.5535,农药残留物 ,环氧乙烷 ,mg/kg - ppm,+5,"0,05 mg/kg - ppm",严肃的 ,RASFF,03-12-2020 16:18:39,
标题含环氧乙烷,黑色芝麻和面包店与芝麻混合 ,坚果，坚果产品和种子 ,,,,2020.5540,农药残留物 ,环氧乙烷 ,mg/kg - ppm,"0,14","0,05 mg/kg - ppm",严肃的 ,RASFF,03-12-2020 17:14:41,
标题含环氧乙烷,白色芝麻 ,谷物和面包店产品 ,,,,2020.5351,农药残留物 ,农药残留物 ,mg/kg - ppm,22.5,0.05 mg/kg - ppm,严肃的 ,RASFF,26-11-2020 17:16:29,
标题含环氧乙烷,生物芝麻籽去皮了 ,坚果，坚果产品和种子 ,,,,2020.5352,农药残留物 ,环氧乙烷 ,mg/kg - ppm,"2,7","0,05 mg/kg - ppm",严肃的 ,RASFF,26-11-2020 17:17:16,
标题含环氧乙烷,有机芝麻种子耐用 ,坚果，坚果产品和种子 ,,,,2020.5350,农药残留物 ,环氧乙烷 ,mg/kg - ppm,2.7,0.05 mg/kg - ppm,严肃的 ,RASFF,26-11-2020 17:11:32,
标题含环氧乙烷,有机芝麻种子自然 ,坚果，坚果产品和种子 ,,,,2020.5353,农药残留物 ,环氧乙烷 ,mg/kg - ppm,1.6,0.05 mg/kg - ppm,严肃的 ,RASFF,26-11-2020 17:18:57,
标题含环氧乙烷,芝麻 - 人类消费 ,坚果，坚果产品和种子 ,,,,2020.5358,农药残留物 ,环氧乙烷 ,mg/kg - ppm,>5.0,0.01 mg/kg - ppm,严肃的 ,RASFF,26-11-2020 19:55:48,
标题含环氧乙烷,芝麻烤了 ,坚果，坚果产品和种子 ,,,,2020.5369,农药残留物 ,环氧乙烷 ,mg/kg - ppm,0.091,0.05 mg/kg - ppm,严肃的 ,RASFF,27-11-2020 11:27:07,
标题含环氧乙烷,芝麻籽 ,坚果，坚果产品和种子 ,,,,2020.5375,农药残留物 ,环氧乙烷 ,mg/kg - ppm,5.5,0.05 mg/kg - ppm,严肃的 ,RASFF,27-11-2020 13:50:15,
标题含环氧乙烷,芝麻籽 ,坚果，坚果产品和种子 ,,,,2020.5375,农药残留物 ,环氧乙烷 ,mg/kg - ppm,8.7,0.05 mg/kg - ppm,严肃的 ,RASFF,27-11-2020 13:50:15,
标题含环氧乙烷,芝麻（有机和正常），司布（由芝麻制成）和香料混合（由芝麻制成） ,坚果，坚果产品和种子 ,,,,2020.5385,,,,,,严肃的 ,RASFF,27-11-2020 15:31:20,
标题含环氧乙烷,有机未加工食品饼干亚麻籽，南瓜种子和芝麻 ,坚果，坚果产品和种子 ,,,,2020.5391,,,,,,严肃的 ,RASFF,27-11-2020 16:45:30,
标题含环氧乙烷,芝麻籽 ,坚果，坚果产品和种子 ,,,,2020.5392,农药残留物 ,环氧乙烷 ,mg/kg - ppm,>5.0,"0,05 mg/kg - ppm",严肃的 ,RASFF,27-11-2020 16:52:08,
标题含环氧乙烷,Caramelisater SESAM-焦糖芝麻 ,坚果，坚果产品和种子 ,,,,2020.5402,农药残留物 ,环氧乙烷 ,mg/kg - ppm,"2,6","0,050 mg/kg - ppm",严肃的 ,RASFF,30-11-2020 08:51:01,
标题含环氧乙烷,芝麻籽 ,坚果，坚果产品和种子 ,,,,2020.5404,农药残留物 ,环氧乙烷 ,mg/kg - ppm,6.7,0.05 mg/kg - ppm,严肃的 ,RASFF,30-11-2020 10:12:10,
标题含环氧乙烷,芝麻籽 ,坚果，坚果产品和种子 ,,,,2020.5413,农药残留物 ,环氧乙烷 ,mg/kg - ppm,0.215,0.05 mg/kg - ppm,严肃的 ,RASFF,30-11-2020 12:53:47,
标题含环氧乙烷,SESAM剥离 - 芝麻喷丸 ,坚果，坚果产品和种子 ,,,,2020.5414,农药残留物 ,环氧乙烷 ,mg/kg - ppm,"1,4 (Charge 10092441) und 3,4 (Charge 10092442)","0,050 mg/kg - ppm",严肃的 ,RASFF,30-11-2020 13:58:53,
标题含环氧乙烷,芝麻籽 ,坚果，坚果产品和种子 ,,,,2020.5428,农药残留物 ,环氧乙烷 ,mg/kg - ppm,18.1,0.05 mg/kg - ppm,严肃的 ,RASFF,30-11-2020 16:02:40,
标题含环氧乙烷,芝麻籽耐受有机 ,坚果，坚果产品和种子 ,,,,2020.5432,农药残留物 ,环氧乙烷 ,mg/kg - ppm,>0.4,0.05 mg/kg - ppm,严肃的 ,RASFF,30-11-2020 16:18:30,
标题含环氧乙烷,热处理芝麻 ,坚果，坚果产品和种子 ,,,,2020.5434,农药残留物 ,环氧乙烷 ,mg/kg - ppm,3.8,0.05 mg/kg - ppm,严肃的 ,RASFF,30-11-2020 16:25:39,
标题含环氧乙烷,热处理芝麻 ,坚果，坚果产品和种子 ,,,,2020.5434,农药残留物 ,环氧乙烷 ,mg/kg - ppm,1.1,0.05 mg/kg - ppm,严肃的 ,RASFF,30-11-2020 16:25:39,
标题含环氧乙烷,芝麻籽 ,坚果，坚果产品和种子 ,,,,2020.5263,农药残留物 ,环氧乙烷 ,mg/kg - ppm,"3,7",,严肃的 ,RASFF,25-11-2020 12:22:18,
标题含环氧乙烷,有机芝麻种子耐用 ,坚果，坚果产品和种子 ,,,,2020.5268,农药残留物 ,环氧乙烷 ,mg/kg - ppm,0.074,0.05 mg/kg - ppm,严肃的 ,RASFF,25-11-2020 13:26:12,
标题含环氧乙烷,芝麻烤烤 ,坚果，坚果产品和种子 ,,,,2020.5273,农药残留物 ,环氧乙烷 ,,1.1,0.05 mg/kg - ppm,严肃的 ,RASFF,25-11-2020 14:13:24,
标题含环氧乙烷,原芝麻酱 ,坚果，坚果产品和种子 ,,,,2020.5274,,,,,,严肃的 ,RASFF,25-11-2020 14:16:06,
标题含环氧乙烷,芝麻籽黑 ,坚果，坚果产品和种子 ,,,,2020.5276,农药残留物 ,环氧乙烷 ,mg/kg - ppm,1.1,0.05 mg/kg - ppm,严肃的 ,RASFF,25-11-2020 14:29:18,
标题含环氧乙烷,有机芝麻种子耐用 ,坚果，坚果产品和种子 ,,,,2020.5281,农药残留物 ,环氧乙烷 ,mg/kg - ppm,35.0,0.05 mg/kg - ppm,严肃的 ,RASFF,25-11-2020 15:36:54,
标题含环氧乙烷,芝麻籽黑 ,坚果，坚果产品和种子 ,,,,2020.5282,农药残留物 ,环氧乙烷 ,mg/kg - ppm,1.0,0.05 mg/kg - ppm,严肃的 ,RASFF,25-11-2020 15:44:44,
标题含环氧乙烷,芝麻烤了 ,坚果，坚果产品和种子 ,,,,2020.5283,农药残留物 ,环氧乙烷 ,mg/kg - ppm,2.0,0.05 mg/kg - ppm,严肃的 ,RASFF,25-11-2020 15:47:23,
标题含环氧乙烷,芝麻籽黑 ,坚果，坚果产品和种子 ,,,,2020.5288,农药残留物 ,环氧乙烷 ,mg/kg - ppm,1.1,0.05 mg/kg - ppm,严肃的 ,RASFF,25-11-2020 15:56:17,
标题含环氧乙烷,有机芝麻种子耐用 ,坚果，坚果产品和种子 ,,,,2020.5289,农药残留物 ,环氧乙烷 ,mg/kg - ppm,> 5.0,0.05 mg/kg - ppm,严肃的 ,RASFF,25-11-2020 16:03:38,
标题含环氧乙烷,有机芝麻种子耐用 ,坚果，坚果产品和种子 ,,,,2020.5290,农药残留物 ,环氧乙烷 ,mg/kg - ppm,0.79,0.05 mg/kg - ppm,严肃的 ,RASFF,25-11-2020 16:06:31,
标题含环氧乙烷,芝麻籽黑 ,坚果，坚果产品和种子 ,,,,2020.5291,农药残留物 ,环氧乙烷 ,mg/kg - ppm,2.1,0.05 mg/kg - ppm,严肃的 ,RASFF,25-11-2020 16:08:11,
标题含环氧乙烷,芝麻烤 ,坚果，坚果产品和种子 ,,,,2020.5292,农药残留物 ,环氧乙烷 ,mg/kg - ppm,0.9,0.05 mg/kg - ppm,严肃的 ,RASFF,25-11-2020 16:11:57,
标题含环氧乙烷,芝麻烤了 ,坚果，坚果产品和种子 ,,,,2020.5294,农药残留物 ,环氧乙烷 ,mg/kg - ppm,40.0,0.05,严肃的 ,RASFF,25-11-2020 16:22:07,
标题含环氧乙烷,芝麻烤了 ,坚果，坚果产品和种子 ,,,,2020.5296,农药残留物 ,环氧乙烷 ,mg/kg - ppm,0.31,0.05 mg/kg - ppm,严肃的 ,RASFF,25-11-2020 16:39:01,
标题含环氧乙烷,芝麻烤了 ,坚果，坚果产品和种子 ,,,,2020.5301,农药残留物 ,环氧乙烷 ,mg/kg - ppm,0.82,0.05 mg/kg - ppm,严肃的 ,RASFF,25-11-2020 17:15:27,
标题含环氧乙烷,红面包，切，径11厘米 - 红面包，切，径11厘米 ,谷物和面包店产品 ,,,,2020.5088,农药残留物 ,环氧乙烷 ,mg/kg - ppm,2.4,0.01 mg/kg - ppm,严肃的 ,RASFF,18-11-2020 12:16:01,
标题含环氧乙烷,红面包，切，径11厘米 - 红面包，切，径11厘米 ,谷物和面包店产品 ,,,,2020.5088,农药残留物 ,环氧乙烷 ,mg/kg - ppm,>5,0.01 mg/kg - ppm,严肃的 ,RASFF,18-11-2020 12:16:01,
标题含环氧乙烷,芝麻籽 ,坚果，坚果产品和种子 ,,,,2020.5091,农药残留物 ,环氧乙烷 ,mg/kg - ppm,"5,0","0,05 mg/kg - ppm",严肃的 ,RASFF,18-11-2020 13:03:44,
标题含环氧乙烷,芝麻籽 ,坚果，坚果产品和种子 ,,,,2020.5091,农药残留物 ,环氧乙烷 ,mg/kg - ppm,"5,0","0,05 mg/kg - ppm",严肃的 ,RASFF,18-11-2020 13:03:44,
标题含环氧乙烷,芝麻籽 ,坚果，坚果产品和种子 ,,,,2020.5091,农药残留物 ,环氧乙烷 ,mg/kg - ppm,"2,4","0,05 mg/kg - ppm",严肃的 ,RASFF,18-11-2020 13:03:44,
标题含环氧乙烷,芝麻籽 ,坚果，坚果产品和种子 ,,,,2020.5104,农药残留物 ,环氧乙烷 ,mg/kg - ppm,"> 0,4","0,05 mg/kg - ppm",严肃的 ,RASFF,18-11-2020 16:42:25,
标题含环氧乙烷,GOMASIO与紫菜 ,汤，肉汤，酱汁和调味品 ,,,,2020.5107,,,,,,严肃的 ,RASFF,18-11-2020 17:22:39,
标题含环氧乙烷,芝麻籽 ,谷物和面包店产品 ,,,,2020.5112,农药残留物 ,环氧乙烷 ,mg/kg - ppm,0.43,"0,05 mg/kg - ppm",严肃的 ,RASFF,19-11-2020 11:04:08,
标题含环氧乙烷,有机芝麻 ,坚果，坚果产品和种子 ,,,,2020.5117,农药残留物 ,环氧乙烷 ,mg/kg - ppm,2.3,0.05 mg/kg - ppm,严肃的 ,RASFF,19-11-2020 12:34:02,
标题含环氧乙烷,枯萎的芝麻 ,坚果，坚果产品和种子 ,,,,2020.5118,农药残留物 ,环氧乙烷 ,mg/kg - ppm,1.4,0.05 mg/kg - ppm,严肃的 ,RASFF,19-11-2020 12:39:49,
标题含环氧乙烷,枯萎的芝麻 ,坚果，坚果产品和种子 ,,,,2020.5118,农药残留物 ,环氧乙烷 ,mg/kg - ppm,4.5,0.05 mg/kg - ppm,严肃的 ,RASFF,19-11-2020 12:39:49,
标题含环氧乙烷,枯萎的芝麻 ,坚果，坚果产品和种子 ,,,,2020.5118,农药残留物 ,环氧乙烷 ,mg/kg - ppm,1.8,0.05 mg/kg - ppm,严肃的 ,RASFF,19-11-2020 12:39:49,
标题含环氧乙烷,芝麻籽 ,坚果，坚果产品和种子 ,,,,2020.5119,农药残留物 ,环氧乙烷 ,mg/kg - ppm,0.46,0.05 mg/kg - ppm,严肃的 ,RASFF,19-11-2020 12:50:57,
标题含环氧乙烷,Burgerb?tchen. ,谷物和面包店产品 ,,,,2020.5125,,,,,,严肃的 ,RASFF,19-11-2020 15:38:14,
标题含环氧乙烷,生物Sesamsmen ,谷物和面包店产品 ,,,,2020.5132,农药残留物 ,环氧乙烷 ,mg/kg - ppm,"0,23 +/- 0,069","0,05 mg/kg - ppm",严肃的 ,RASFF,19-11-2020 17:11:16,
标题含环氧乙烷,全麦面包棒 ,谷物和面包店产品 ,,,,2020.5135,,,,,,未定 ,RASFF,19-11-2020 17:29:16,
标题含环氧乙烷,芝麻烤了 ,坚果，坚果产品和种子 ,,,,2020.5144,农药残留物 ,环氧乙烷 ,mg/kg - ppm,2.1,0.05 mg/kg - ppm,严肃的 ,RASFF,20-11-2020 09:53:09,
标题含环氧乙烷,有机芝麻种子耐用 ,坚果，坚果产品和种子 ,,,,2020.5145,农药残留物 ,环氧乙烷 ,mg/kg - ppm,2.19,0.05 mg/kg - ppm,严肃的 ,RASFF,20-11-2020 10:03:36,
标题含环氧乙烷,来自印度的有机芝麻 ,坚果，坚果产品和种子 ,,,,2020.5147,农药残留物 ,环氧乙烷 ,mg/kg - ppm,10 bzw. 11,"0,05 mg/kg - ppm",未定 ,RASFF,20-11-2020 11:11:42,
标题含环氧乙烷,芝麻烤了 ,坚果，坚果产品和种子 ,,,,2020.5154,农药残留物 ,环氧乙烷 ,mg/kg - ppm,2.9,0.05 mg/kg - ppm,严肃的 ,RASFF,20-11-2020 12:56:06,
标题含环氧乙烷,芝麻籽剥皮 - 枯萎的芝麻 ,坚果，坚果产品和种子 ,,,,2020.5156,农药残留物 ,环氧乙烷 ,mg/kg - ppm,"> 5 / 11,4",,严肃的 ,RASFF,20-11-2020 13:15:18,
标题含环氧乙烷,有机芝麻种子耐用 ,坚果，坚果产品和种子 ,,,,2020.4970,农药残留物 ,环氧乙烷 ,mg/kg - ppm,5,0.05 mg/kg - ppm,严肃的 ,RASFF,12-11-2020 13:32:47,
标题含环氧乙烷,有机芝麻种子耐用 ,坚果，坚果产品和种子 ,,,,2020.4970,农药残留物 ,环氧乙烷 ,mg/kg - ppm,4.9 ,0.05 mg/kg - ppm,严肃的 ,RASFF,12-11-2020 13:32:47,
标题含环氧乙烷,有机芝麻种子耐用 ,坚果，坚果产品和种子 ,,,,2020.4977,农药残留物 ,环氧乙烷 ,mg/kg - ppm,5,0.05 mg/kg - ppm,严肃的 ,RASFF,12-11-2020 15:09:36,
标题含环氧乙烷,有机无用的芝麻 ,坚果，坚果产品和种子 ,,,,2020.4978,农药残留物 ,环氧乙烷 ,mg/kg - ppm,0.32,0.05 mg/kg - ppm,严肃的 ,RASFF,12-11-2020 15:24:44,
标题含环氧乙烷,准备冷冻菜肴和皮卡德烘焙食品 ,准备好的菜肴和小吃 ,,,,2020.4982,,,,,,严肃的 ,RASFF,12-11-2020 16:36:02,
标题含环氧乙烷,54496泰国混合MF 4 * 53g ,其他食品/混合 ,,,,2020.4983,农药残留物 ,环氧乙烷 ,mg/kg - ppm,1.4,0.05 mg/kg - ppm,严肃的 ,RASFF,12-11-2020 16:54:06,
标题含环氧乙烷,芝麻籽 ,坚果，坚果产品和种子 ,,,,2020.4984,农药残留物 ,环氧乙烷 ,mg/kg - ppm,>5.0,"0,05 mg/kg - ppm",严肃的 ,RASFF,12-11-2020 17:08:59,
标题含环氧乙烷,“巴尔塔・克兰伯里斯・克兰伯里斯” ,谷物和面包店产品 ,,,,2020.4998,,,,,,严肃的 ,RASFF,13-11-2020 12:47:54,
标题含环氧乙烷,芝麻揭开了 ,坚果，坚果产品和种子 ,,,,2020.5008,农药残留物 ,环氧乙烷 ,mg/kg - ppm,1.7 ,0.01 mg/kg - ppm,严肃的 ,RASFF,13-11-2020 15:44:25,
标题含环氧乙烷,芝麻揭开了 ,坚果，坚果产品和种子 ,,,,2020.5008,农药残留物 ,环氧乙烷 ,mg/kg - ppm,> 5.0 ,0.01 mg/kg - ppm,严肃的 ,RASFF,13-11-2020 15:44:25,
标题含环氧乙烷,芝麻揭开了 ,坚果，坚果产品和种子 ,,,,2020.5008,农药残留物 ,环氧乙烷 ,mg/kg - ppm,> 5.0,0.010 mg/kg - ppm,严肃的 ,RASFF,13-11-2020 15:44:25,
标题含环氧乙烷,有机芝麻 ,坚果，坚果产品和种子 ,,,,2020.5000,,,,,,严肃的 ,RASFF,13-11-2020 13:53:41,
标题含环氧乙烷,芝麻 ,坚果，坚果产品和种子 ,,,,2020.5014,农药残留物 ,环氧乙烷 ,mg/kg - ppm,"2,6 ± 1,3 ","0,05 mg/kg - ppm",严肃的 ,RASFF,13-11-2020 17:02:19,
标题含环氧乙烷,芝麻 ,坚果，坚果产品和种子 ,,,,2020.5014,农药残留物 ,环氧乙烷 ,mg/kg - ppm,"0,69 ± 0,35","0,05 mg/kg - ppm",严肃的 ,RASFF,13-11-2020 17:02:19,
标题含环氧乙烷,黑色芝麻 ,坚果，坚果产品和种子 ,,,,2020.5015,,,,,,严肃的 ,RASFF,13-11-2020 17:10:21,
标题含环氧乙烷,芝麻 ,坚果，坚果产品和种子 ,,,,2020.5014,农药残留物 ,环氧乙烷 ,mg/kg - ppm,"0,48 ± 0,24","0,05 mg/kg - ppm",严肃的 ,RASFF,13-11-2020 17:02:19,
标题含环氧乙烷,芝麻 ,坚果，坚果产品和种子 ,,,,2020.5014,农药残留物 ,环氧乙烷 ,mg/kg - ppm,"2,8 ± 1,4","0,05 mg/kg - ppm",严肃的 ,RASFF,13-11-2020 17:02:19,
标题含环氧乙烷,芝麻 ,坚果，坚果产品和种子 ,,,,2020.5014,农药残留物 ,环氧乙烷 ,mg/kg - ppm,"3,3 ± 1,7","0,05 mg/kg - ppm",严肃的 ,RASFF,13-11-2020 17:02:19,
标题含环氧乙烷,芝麻 ,坚果，坚果产品和种子 ,,,,2020.5014,农药残留物 ,环氧乙烷 ,mg/kg - ppm,"4,6 ± 2,3","0,05 mg/kg - ppm",严肃的 ,RASFF,13-11-2020 17:02:19,
标题含环氧乙烷,芝麻 ,坚果，坚果产品和种子 ,,,,2020.5014,农药残留物 ,环氧乙烷 ,mg/kg - ppm,"4,4 ± 2,2","0,05 mg/kg - ppm",严肃的 ,RASFF,13-11-2020 17:02:19,
标题含环氧乙烷,Pidinge芝麻混合 ,坚果，坚果产品和种子 ,,,,2020.5025,农药残留物 ,环氧乙烷 ,mg/kg - ppm,0.094,0.05 mg/kg - ppm,严肃的 ,RASFF,16-11-2020 12:45:37,
标题含环氧乙烷,芝麻籽无菌 ,坚果，坚果产品和种子 ,,,,2020.5027,农药残留物 ,环氧乙烷 ,mg/kg - ppm,5.7,0.05 mg/kg - ppm,严肃的 ,RASFF,16-11-2020 12:50:24,
标题含环氧乙烷,有机杂粮FOCACCIA ,谷物和面包店产品 ,,,,2020.5030,农药残留物 ,环氧乙烷 ,mg/kg - ppm,>5.0,,严肃的 ,RASFF,16-11-2020 14:25:02,
标题含环氧乙烷,芝麻籽无菌 ,坚果，坚果产品和种子 ,,,,2020.5033,农药残留物 ,环氧乙烷 ,mg/kg - ppm,0.36,0.05 mg/kg - ppm,严肃的 ,RASFF,16-11-2020 14:57:02,
标题含环氧乙烷,芝麻籽 ,坚果，坚果产品和种子 ,,,,2020.5039,农药残留物 ,环氧乙烷 ,mg/kg - ppm,"0,12",,严肃的 ,RASFF,16-11-2020 16:55:46,
标题含环氧乙烷,4克莱Broodjes面包：保护气氛下包装特殊预硫化面包 - 小面包预煮在保护气氛包装 ,谷物和面包店产品 ,,,,2020.4858,,,,,,严肃的 ,RASFF,09-11-2020 12:47:29,
标题含环氧乙烷,芝麻运气 ,坚果，坚果产品和种子 ,,,,2020.4878,,,,,,严肃的 ,RASFF,09-11-2020 16:17:27,
标题含环氧乙烷,麦片面包店产品 ,谷物和面包店产品 ,,,,2020.4883,,,,,,未定 ,RASFF,09-11-2020 16:52:20,
标题含环氧乙烷,芝麻籽无菌 ,坚果，坚果产品和种子 ,,,,2020.4884,农药残留物 ,环氧乙烷 ,mg/kg - ppm,> 5.0,0.05 mg/kg - ppm,严肃的 ,RASFF,09-11-2020 17:01:36,
标题含环氧乙烷,芝麻籽 ,坚果，坚果产品和种子 ,,,,2020.4889,农药残留物 ,环氧乙烷 ,mg/kg - ppm,"1,1","0,05 mg/kg - ppm",严肃的 ,RASFF,09-11-2020 17:38:31,
标题含环氧乙烷,芝麻籽 ,坚果，坚果产品和种子 ,,,,2020.4889,农药残留物 ,环氧乙烷 ,mg/kg - ppm,"0,39","0,05 mg/kg - ppm",严肃的 ,RASFF,09-11-2020 17:38:31,
标题含环氧乙烷,Sasame DS. ,坚果，坚果产品和种子 ,,,,2020.4901,农药残留物 ,环氧乙烷 ,mg/kg - ppm,> 5,"0,05 mg/kg - ppm",严肃的 ,RASFF,10-11-2020 11:03:13,
标题含环氧乙烷,面包面包混合 ,谷物和面包店产品 ,,,,2020.4911,,,,,,严肃的 ,RASFF,10-11-2020 13:17:19,
标题含环氧乙烷,芝麻和不同的香料混合物 ,坚果，坚果产品和种子 ,,,,2020.4915,农药残留物 ,环氧乙烷 ,mg/kg - ppm,"1,4","0,05 mg/kg - ppm",严肃的 ,RASFF,10-11-2020 15:51:32,
标题含环氧乙烷,芝麻和不同的香料混合物 ,坚果，坚果产品和种子 ,,,,2020.4915,农药残留物 ,环氧乙烷 ,mg/kg - ppm,>5,"0,05 mg/kg - ppm",严肃的 ,RASFF,10-11-2020 15:51:32,
标题含环氧乙烷,芝麻和不同的香料混合物 ,坚果，坚果产品和种子 ,,,,2020.4915,农药残留物 ,环氧乙烷 ,mg/kg - ppm,>5,"0,05 mg/kg - ppm",严肃的 ,RASFF,10-11-2020 15:51:32,
标题含环氧乙烷,芝麻去皮了 ,坚果，坚果产品和种子 ,,,,2020.4921,农药残留物 ,环氧乙烷 ,mg/kg - ppm,"5,9 / 5,2","0,05 mg/kg - ppm",严肃的 ,RASFF,10-11-2020 17:09:55,
标题含环氧乙烷,有机湿疹 ,其他食品/混合 ,,,,2020.4922,,,,,,未定 ,RASFF,10-11-2020 17:29:20,
标题含环氧乙烷,芝麻籽无菌 ,坚果，坚果产品和种子 ,,,,2020.4933,农药残留物 ,环氧乙烷 ,mg/kg - ppm,4.7,0.05 mg/kg - ppm,严肃的 ,RASFF,11-11-2020 10:51:49,
标题含环氧乙烷,有机芝麻种子耐用 ,坚果，坚果产品和种子 ,,,,2020.4937,农药残留物 ,环氧乙烷 ,mg/kg - ppm,6.6,0.05 mg/kg - ppm,严肃的 ,RASFF,11-11-2020 12:56:34,
标题含环氧乙烷,有机芝麻种子自然 ,坚果，坚果产品和种子 ,,,,2020.4939,农药残留物 ,环氧乙烷 ,mg/kg - ppm,5.2,0.05 mg/kg - ppm,严肃的 ,RASFF,11-11-2020 13:09:33,
标题含环氧乙烷,芝麻烤 ,坚果，坚果产品和种子 ,,,,2020.4940,农药残留物 ,环氧乙烷 ,mg/kg - ppm,0.33,0.05 mg/kg - ppm,严肃的 ,RASFF,11-11-2020 13:18:28,
标题含环氧乙烷,芝麻籽无菌 ,坚果，坚果产品和种子 ,,,,2020.4942,农药残留物 ,环氧乙烷 ,mg/kg - ppm,> 5.0,0.05 mg/kg - ppm,严肃的 ,RASFF,11-11-2020 13:24:58,
标题含环氧乙烷,芝麻籽无菌 ,坚果，坚果产品和种子 ,,,,2020.4943,农药残留物 ,环氧乙烷 ,mg/kg - ppm,> 5.0,0.05 mg/kg - ppm,严肃的 ,RASFF,11-11-2020 14:04:57,
标题含环氧乙烷,芝麻烤了 ,坚果，坚果产品和种子 ,,,,2020.4748,农药残留物 ,环氧乙烷 ,mg/kg - ppm,> 5.0,0.05 mg/kg - ppm,严肃的 ,RASFF,04-11-2020 16:25:12,
标题含环氧乙烷,背包 ,坚果，坚果产品和种子 ,,,,2020.4752,,,,,,严肃的 ,RASFF,04-11-2020 17:50:47,
标题含环氧乙烷,芝麻烤了 ,坚果，坚果产品和种子 ,,,,2020.4761,农药残留物 ,环氧乙烷 ,mg/kg - ppm,> 5.0,0.05 mg/kg - ppm,严肃的 ,RASFF,05-11-2020 12:29:46,
标题含环氧乙烷,芝麻烤了 ,坚果，坚果产品和种子 ,,,,2020.4763,农药残留物 ,环氧乙烷 ,mg/kg - ppm,> 5.0,0.05 mg/kg - ppm,严肃的 ,RASFF,05-11-2020 13:26:38,
标题含环氧乙烷,SESAMSEATHAT BLACK  - 芝麻，黑 ,坚果，坚果产品和种子 ,,,,2020.4772,农药残留物 ,环氧乙烷 ,mg/kg - ppm,5,"0,05 mg/kg - ppm",严肃的 ,RASFF,05-11-2020 15:37:18,
标题含环氧乙烷,Weiss Chocolates. ,可可和可可制剂，咖啡和茶 ,,,,2020.4777,农药残留物 ,环氧乙烷 ,mg/kg - ppm,"3,7",,严肃的 ,RASFF,05-11-2020 16:23:12,
标题含环氧乙烷,生物思萨姆。 ,坚果，坚果产品和种子 ,,,,2020.4782,,,,,,严肃的 ,RASFF,05-11-2020 16:51:16,
标题含环氧乙烷,芝麻饼干 ,谷物和面包店产品 ,,,,2020.4783,,,,,,严肃的 ,RASFF,05-11-2020 16:56:37,
标题含环氧乙烷,粑榛子 ,坚果，坚果产品和种子 ,,,,2020.4786,农药残留物 ,环氧乙烷 ,mg/kg - ppm,"1,2; 1,1; 0,6","0,05 mg/kg - ppm",未定 ,RASFF,05-11-2020 17:09:13,
标题含环氧乙烷,芝麻籽无菌 ,坚果，坚果产品和种子 ,,,,2020.4788,农药残留物 ,环氧乙烷 ,mg/kg - ppm,> 5.0,0.05 mg/kg - ppm,严肃的 ,RASFF,05-11-2020 17:19:51,
标题含环氧乙烷,芝麻籽无菌 ,坚果，坚果产品和种子 ,,,,2020.4789,农药残留物 ,环氧乙烷 ,mg/kg - ppm,> 5.0,0.05 mg/kg - ppm,严肃的 ,RASFF,05-11-2020 17:22:53,
标题含环氧乙烷,有机芝麻种子耐用 ,坚果，坚果产品和种子 ,,,,2020.4795,农药残留物 ,环氧乙烷 ,mg/kg - ppm,1.3,0.05 mg/kg - ppm,严肃的 ,RASFF,05-11-2020 17:32:58,
标题含环氧乙烷,3态配合混合 ,坚果，坚果产品和种子 ,,,,2020.4799,,,,,,严肃的 ,RASFF,05-11-2020 17:51:14,
标题含环氧乙烷,芝麻籽 ,坚果，坚果产品和种子 ,,,,2020.4802,农药残留物 ,环氧乙烷 ,mg/kg - ppm,"2,4","0,05 mg/kg - ppm",严肃的 ,RASFF,05-11-2020 20:48:19,
标题含环氧乙烷,芝麻籽 ,坚果，坚果产品和种子 ,,,,2020.4802,农药残留物 ,环氧乙烷 ,mg/kg - ppm,"6,3","0,05 mg/kg - ppm",严肃的 ,RASFF,05-11-2020 20:48:19,
标题含环氧乙烷,芝麻籽 ,坚果，坚果产品和种子 ,,,,2020.4802,农药残留物 ,环氧乙烷 ,mg/kg - ppm,"5,1","0,05 mg/kg - ppm",严肃的 ,RASFF,05-11-2020 20:48:19,
标题含环氧乙烷,芝麻籽 ,坚果，坚果产品和种子 ,,,,2020.4802,农药残留物 ,环氧乙烷 ,mg/kg - ppm,"5,7","0,05 mg/kg - ppm",严肃的 ,RASFF,05-11-2020 20:48:19,
标题含环氧乙烷,芝麻籽 ,坚果，坚果产品和种子 ,,,,2020.4802,农药残留物 ,环氧乙烷 ,mg/kg - ppm,"3,6","0,05 mg/kg - ppm",严肃的 ,RASFF,05-11-2020 20:48:19,
标题含环氧乙烷,芝麻籽 ,坚果，坚果产品和种子 ,,,,2020.4802,农药残留物 ,环氧乙烷 ,mg/kg - ppm,"5,0","0,05 mg/kg - ppm",严肃的 ,RASFF,05-11-2020 20:48:19,
标题含环氧乙烷,找到 ,坚果，坚果产品和种子 ,,,,2020.4819,,,,,,严肃的 ,RASFF,06-11-2020 14:53:15,
标题含环氧乙烷,芝麻烤了 ,坚果，坚果产品和种子 ,,,,2020.4805,农药残留物 ,环氧乙烷 ,mg/kg - ppm,> 5.0,0.05 mg/kg - ppm,严肃的 ,RASFF,06-11-2020 09:36:24,
标题含环氧乙烷,有机天然芝麻 ,坚果，坚果产品和种子 ,,,,2020.4634,农药残留物 ,农药残留物 ,mg/kg - ppm,1.9,0.05 mg/kg - ppm,严肃的 ,RASFF,29-10-2020 17:39:59,
标题含环氧乙烷,芝麻籽无剥离 ,坚果，坚果产品和种子 ,,,,2020.4635,农药残留物 ,农药残留物 ,mg/kg - ppm,>5,0.05 mg/kg - ppm,严肃的 ,RASFF,29-10-2020 17:40:47,
标题含环氧乙烷,芝麻烤了 ,坚果，坚果产品和种子 ,,,,2020.4637,农药残留物 ,环氧乙烷 ,mg/kg - ppm,0.71,0.05 mg/kg - ppm,严肃的 ,RASFF,29-10-2020 20:33:09,
标题含环氧乙烷,芝麻烤了 ,坚果，坚果产品和种子 ,,,,2020.4643,农药残留物 ,农药残留物 ,mg/kg - ppm,0.66,0.05 mg/kg - ppm,严肃的 ,RASFF,30-10-2020 11:26:59,
标题含环氧乙烷,芝麻烤了 ,坚果，坚果产品和种子 ,,,,2020.4682,农药残留物 ,环氧乙烷 ,mg/kg - ppm,0.77,0.05 mg/kg - ppm,严肃的 ,RASFF,02-11-2020 15:17:14,
标题含环氧乙烷,天然芝麻 ,坚果，坚果产品和种子 ,,,,2020.4683,农药残留物 ,农药残留物 ,mg/kg - ppm,1.3,0.05 mg/kg - ppm,严肃的 ,RASFF,02-11-2020 15:30:27,
标题含环氧乙烷,机械覆盖的芝麻 ,坚果，坚果产品和种子 ,,,,2020.4684,农药残留物 ,农药残留物 ,mg/kg - ppm,2.2,0.05 mg/kg - ppm,严肃的 ,RASFF,02-11-2020 16:35:05,
标题含环氧乙烷,芝麻烤了 ,坚果，坚果产品和种子 ,,,,2020.4686,农药残留物 ,环氧乙烷 ,mg/kg - ppm,5.4,0.05 mg/kg - ppm,严肃的 ,RASFF,02-11-2020 16:53:18,
标题含环氧乙烷,芝麻烤了 ,坚果，坚果产品和种子 ,,,,2020.4690,农药残留物 ,环氧乙烷 ,mg/kg - ppm,0.61,0.05 mg/kg - ppm,严肃的 ,RASFF,02-11-2020 18:53:36,
标题含环氧乙烷,芝麻烤了 ,坚果，坚果产品和种子 ,,,,2020.4701,农药残留物 ,环氧乙烷 ,mg/kg - ppm,0.85,0.05 mg/kg - ppm,严肃的 ,RASFF,03-11-2020 14:08:39,
标题含环氧乙烷,准备吃萨拉德 ,其他食品/混合 ,,,,2020.4704,,,,,,严肃的 ,RASFF,03-11-2020 14:55:11,
标题含环氧乙烷,去皮芝麻 ,其他食品/混合 ,,,,2020.4706,农药残留物 ,环氧乙烷 ,mg/kg - ppm,3,"0,05 mg/kg - ppm",严肃的 ,RASFF,03-11-2020 15:16:30,
标题含环氧乙烷,去皮芝麻 ,其他食品/混合 ,,,,2020.4706,农药残留物 ,环氧乙烷 ,mg/kg - ppm,"5,7","0,05 mg/kg - ppm",严肃的 ,RASFF,03-11-2020 15:16:30,
标题含环氧乙烷,去皮芝麻 ,其他食品/混合 ,,,,2020.4706,农药残留物 ,环氧乙烷 ,mg/kg - ppm,"2,7","0,05 mg/kg - ppm",严肃的 ,RASFF,03-11-2020 15:16:30,
标题含环氧乙烷,去皮芝麻 ,其他食品/混合 ,,,,2020.4706,农药残留物 ,环氧乙烷 ,mg/kg - ppm,"3,9","0,05 mg/kg - ppm",严肃的 ,RASFF,03-11-2020 15:16:30,
标题含环氧乙烷,去皮芝麻 ,其他食品/混合 ,,,,2020.4706,农药残留物 ,环氧乙烷 ,mg/kg - ppm,"0,7","0,05 mg/kg - ppm",严肃的 ,RASFF,03-11-2020 15:16:30,
标题含环氧乙烷,芝麻籽无菌 ,坚果，坚果产品和种子 ,,,,2020.4713,农药残留物 ,环氧乙烷 ,mg/kg - ppm,> 5.0,0.05 mg/kg - ppm,严肃的 ,RASFF,03-11-2020 16:41:50,
标题含环氧乙烷,生物芝麻皮 ,坚果，坚果产品和种子 ,,,,2020.4716,农药残留物 ,环氧乙烷 ,mg/kg - ppm,"4,2","0,05 mg/kg - ppm",严肃的 ,RASFF,03-11-2020 17:00:49,
标题含环氧乙烷,塔希尼白 ,其他食品/混合 ,,,,2020.4715,农药残留物 ,农药残留物 ,mg/kg - ppm,1.4,0.05 mg/kg - ppm,严肃的 ,RASFF,03-11-2020 16:52:54,
标题含环氧乙烷,塔希尼白 ,其他食品/混合 ,,,,2020.4715,农药残留物 ,农药残留物 ,mg/kg - ppm,1.7,0.05 mg/kg - ppm,严肃的 ,RASFF,03-11-2020 16:52:54,
标题含环氧乙烷,芝麻烤了 ,坚果，坚果产品和种子 ,,,,2020.4717,农药残留物 ,环氧乙烷 ,mg/kg - ppm,> 5.0,0.05 mg/kg - ppm,严肃的 ,RASFF,03-11-2020 17:16:06,
标题含环氧乙烷,芝麻烤了 ,坚果，坚果产品和种子 ,,,,2020.4718,农药残留物 ,环氧乙烷 ,mg/kg - ppm,> 5.0,0.05 mg/kg - ppm,严肃的 ,RASFF,03-11-2020 17:20:33,
标题含环氧乙烷,芝麻籽 ,坚果，坚果产品和种子 ,,,,2020.4405,农药残留物 ,环氧乙烷 ,mg/kg - ppm,">5,0","0,05 mg/kg - ppm",严肃的 ,RASFF,20-10-2020 14:31:48,
标题含环氧乙烷,芝麻籽 ,坚果，坚果产品和种子 ,,,,2020.4428,农药残留物 ,环氧乙烷 ,mg/kg - ppm,2.3,,严肃的 ,RASFF,21-10-2020 11:18:25,
标题含环氧乙烷,芝麻籽 ,坚果，坚果产品和种子 ,,,,2020.4428,农药残留物 ,环氧乙烷 ,mg/kg - ppm,1.7,0.05 mg/kg - ppm,严肃的 ,RASFF,21-10-2020 11:18:25,
标题含环氧乙烷,Backmischungen MIT Sesamsaat  - 烘烤预混剂，这个芝麻 ,其他食品/混合 ,,,,2020.4413,,,,,,严肃的 ,RASFF,20-10-2020 15:37:00,
标题含环氧乙烷,芝麻烤了 ,坚果，坚果产品和种子 ,,,,2020.4430,农药残留物 ,环氧乙烷 ,mg/kg - ppm,2.3,0.05 mg/kg - ppm,严肃的 ,RASFF,21-10-2020 11:33:47,
标题含环氧乙烷,芝麻烤了 ,坚果，坚果产品和种子 ,,,,2020.4429,农药残留物 ,环氧乙烷 ,mg/kg - ppm,12,0.05 mg/kg - ppm,严肃的 ,RASFF,21-10-2020 11:31:22,
标题含环氧乙烷,芝麻烤了 ,坚果，坚果产品和种子 ,,,,2020.4429,农药残留物 ,环氧乙烷 ,mg/kg - ppm,0.44,0.05 mg/kg - ppm,严肃的 ,RASFF,21-10-2020 11:31:22,
标题含环氧乙烷,芝麻烤了 ,坚果，坚果产品和种子 ,,,,2020.4432,农药残留物 ,环氧乙烷 ,mg/kg - ppm,2.4,0.05 mg/kg - ppm,严肃的 ,RASFF,21-10-2020 11:35:11,
标题含环氧乙烷,格兰诺拉麦片 ,谷物和面包店产品 ,,,,2020.4441,,,,,,严肃的 ,RASFF,21-10-2020 14:14:26,
标题含环氧乙烷,装饰 ,谷物和面包店产品 ,,,,2020.4442,,,,,,严肃的 ,RASFF,21-10-2020 14:52:15,
标题含环氧乙烷,芝麻籽 ,坚果，坚果产品和种子 ,,,,2020.4451,农药残留物 ,环氧乙烷 ,,,,严肃的 ,RASFF,21-10-2020 15:58:58,
标题含环氧乙烷,生物Sesamsams会挂起////有机脱壳芝麻 ,坚果，坚果产品和种子 ,,,,2020.4463,农药残留物 ,环氧乙烷 ,mg/kg - ppm,"5,7",,严肃的 ,RASFF,22-10-2020 13:59:15,
标题含环氧乙烷,高级羽毛芝麻籽 ,坚果，坚果产品和种子 ,,,,2020.4493,农药残留物 ,环氧乙烷 ,mg/kg - ppm,"0,24","0,05 mg/kg - ppm",严肃的 ,RASFF,23-10-2020 11:22:32,
标题含环氧乙烷,芝麻籽 ,坚果，坚果产品和种子 ,,,,2020.4465,农药残留物 ,环氧乙烷 ,mg/kg - ppm,6.2,,严肃的 ,RASFF,22-10-2020 14:13:30,
标题含环氧乙烷,有机芝麻种子耐用和自然 ,坚果，坚果产品和种子 ,,,,2020.4523,农药残留物 ,环氧乙烷 ,mg/kg - ppm,"5,8 ","0,05 mg/kg - ppm",严肃的 ,RASFF,23-10-2020 16:26:10,
标题含环氧乙烷,不同的面包 ,谷物和面包店产品 ,,,,2020.4574,,,,,,严肃的 ,RASFF,27-10-2020 16:40:28,
标题含环氧乙烷,芝麻烤了 ,其他食品/混合 ,,,,2020.4533,农药残留物 ,环氧乙烷 ,mg/kg - ppm,> 5,"0,05 mg/kg - ppm",严肃的 ,RASFF,26-10-2020 09:20:37,
标题含环氧乙烷,芝麻籽 ,坚果，坚果产品和种子 ,,,,2020.4548,农药残留物 ,环氧乙烷 ,mg/kg - ppm,"3,8","0,05 mg/kg - ppm",严肃的 ,RASFF,26-10-2020 16:01:35,
标题含环氧乙烷,芝麻籽 ,坚果，坚果产品和种子 ,,,,2020.3678,农药残留物 ,环氧乙烷 ,mg/kg - ppm,"30,1 ± 8,7","0,05 mg/kg - ppm",严肃的 ,RASFF,09-09-2020 17:56:25,
标题含环氧乙烷,芝麻籽去皮和烤 ,坚果，坚果产品和种子 ,,,,2020.3993,农药残留物 ,环氧乙烷 ,mg/kg - ppm,"8,1","0,05 mg/kg - ppm",严肃的 ,RASFF,29-09-2020 16:47:41,
标题含环氧乙烷,芝麻去皮了 ,谷物和面包店产品 ,,,,2020.4201,农药残留物 ,环氧乙烷 ,mg/kg - ppm,9.1,0.01 mg/kg - ppm,严肃的 ,RASFF,09-10-2020 16:36:13,
标题含环氧乙烷,多样的面包店产品 ,其他食品/混合 ,,,,2020.4247,,,,,,严肃的 ,RASFF,13-10-2020 10:12:33,
标题含环氧乙烷,不同的面包店产品 ,谷物和面包店产品 ,,,,2020.4277,,,,,,严肃的 ,RASFF,13-10-2020 17:30:57,
标题含环氧乙烷,葡萄酒群芝麻 ,谷物和面包店产品 ,,,,2020.4263,,,,,,严肃的 ,RASFF,13-10-2020 14:09:09,
标题含环氧乙烷,不同的烘焙产品 - 拉洛林 ,谷物和面包店产品 ,,,,2020.4271,,,,,,严肃的 ,RASFF,13-10-2020 15:47:49,
标题含环氧乙烷,面包大的混合物 ,其他食品/混合 ,,,,2020.4278,,,,,,严肃的 ,RASFF,13-10-2020 17:44:24,
标题含环氧乙烷,panigraines面粉 ,其他食品/混合 ,,,,2020.4279,,,,,,严肃的 ,RASFF,13-10-2020 17:47:30,
标题含环氧乙烷,Soubry面包混合物 ,其他食品/混合 ,,,,2020.4284,,,,,,严肃的 ,RASFF,13-10-2020 19:24:14,
标题含环氧乙烷,混合芝麻 ,其他食品/混合 ,,,,2020.4281,,,,,,严肃的 ,RASFF,13-10-2020 17:54:22,
标题含环氧乙烷,芝麻籽 ,坚果，坚果产品和种子 ,,,,2020.4280,,,,,,严肃的 ,RASFF,13-10-2020 17:52:09,
标题含环氧乙烷,巨型mueslon距离Banje ,谷物和面包店产品 ,,,,2020.4359,,,,,,严肃的 ,RASFF,16-10-2020 15:33:59,
标题含环氧乙烷,与芝麻籽混合 ,其他食品/混合 ,,,,2020.4352,,,,,,严肃的 ,RASFF,16-10-2020 12:17:28,
标题含环氧乙烷,芝麻籽未煮熟的烤 - 芝麻籽烤未剥离 ,坚果，坚果产品和种子 ,,,,2020.4351,农药残留物 ,环氧乙烷 ,mg/kg - ppm,0.33,0.05 mg/kg - ppm,严肃的 ,RASFF,16-10-2020 12:12:22,
标题含环氧乙烷,有机芝麻种子耐用 ,坚果，坚果产品和种子 ,,,,2020.4366,农药残留物 ,环氧乙烷 ,mg/kg - ppm,1,"0,05 mg/kg - ppm",严肃的 ,RASFF,16-10-2020 18:52:07,
标题含环氧乙烷,不同的烘焙产品 -  DELIFRANCE ITALIA ,谷物和面包店产品 ,,,,2020.4395,,,,,,严肃的 ,RASFF,20-10-2020 08:52:16,
标题含环氧乙烷,面包产品 ,谷物和面包店产品 ,,,,2020.4386,,,,,,严肃的 ,RASFF,19-10-2020 15:47:37,
标题含环氧乙烷,芝麻籽 ,坚果，坚果产品和种子 ,,,,2020.4400,农药残留物 ,环氧乙烷 ,mg/kg - ppm,"0,34","0,05 mg/kg - ppm",严肃的 ,RASFF,20-10-2020 12:47:44,
标题含环氧乙烷,芝麻铁壳 ,坚果，坚果产品和种子 ,,,,2020.4605,农药残留物 ,环氧乙烷 ,mg/kg - ppm,3.1,0.05 mg/kg - ppm,严肃的 ,RASFF,28-10-2020 17:28:49,
标题含环氧乙烷,芝麻忍受了 ,坚果，坚果产品和种子 ,,,,2020.4602,农药残留物 ,农药残留物 ,mg/kg - ppm,0.72,0.05 mg/kg - ppm,严肃的 ,RASFF,28-10-2020 16:50:59,
标题含环氧乙烷,芝麻烤了 ,坚果，坚果产品和种子 ,,,,2020.4606,农药残留物 ,农药残留物 ,mg/kg - ppm,0.41,0.05 mg/kg - ppm,严肃的 ,RASFF,28-10-2020 17:29:00,
标题含环氧乙烷,机械覆盖的芝麻 ,坚果，坚果产品和种子 ,,,,2020.4604,农药残留物 ,农药残留物 ,mg/kg - ppm,>5.0,0.05 mg/kg - ppm,严肃的 ,RASFF,28-10-2020 17:19:13,
标题含环氧乙烷,机械覆盖的芝麻 ,坚果，坚果产品和种子 ,,,,2020.4604,农药残留物 ,未经授权物质异稻瘟净 ,mg/kg - ppm,"17,6","0,05 mg/kg - ppm",严肃的 ,RASFF,28-10-2020 17:19:13,
标题含环氧乙烷,芝麻烤了 ,坚果，坚果产品和种子 ,,,,2020.4610,农药残留物 ,农药残留物 ,mg/kg - ppm,0.52,0.05 mg/kg - ppm,严肃的 ,RASFF,29-10-2020 09:27:43,
标题含环氧乙烷,黑芝麻 ,坚果，坚果产品和种子 ,,,,2020.4611,农药残留物 ,农药残留物 ,mg/kg - ppm,2.6,0.05 mg/kg - ppm,严肃的 ,RASFF,29-10-2020 09:33:56,
标题含环氧乙烷,芝麻去壳 ,坚果，坚果产品和种子 ,,,,2020.4631,农药残留物 ,农药残留物 ,mg/kg - ppm,1.9,0.05 mg/kg - ppm,严肃的 ,RASFF,29-10-2020 17:36:14,
标题含环氧乙烷,芝麻去壳 ,坚果，坚果产品和种子 ,,,,2020.4632,农药残留物 ,农药残留物 ,mg/kg - ppm,1.9,0.05 mg/kg - ppm,严肃的 ,RASFF,29-10-2020 17:36:57,
标题含环氧乙烷,芝麻籽 ,坚果，坚果产品和种子 ,,,,2020.4720,农药残留物 ,环氧乙烷 ,mg/kg - ppm,2.4,0.05 mg/kg - ppm,严肃的 ,RASFF,03-11-2020 17:24:47,
标题含环氧乙烷,机械覆盖的芝麻 ,坚果，坚果产品和种子 ,,,,2020.4633,农药残留物 ,农药残留物 ,mg/kg - ppm,1.3,0.05 mg/kg - ppm,严肃的 ,RASFF,29-10-2020 17:37:24,
标题含环氧乙烷,芝麻烤了 ,坚果，坚果产品和种子 ,,,,2020.4719,农药残留物 ,环氧乙烷 ,mg/kg - ppm,> 5.0,0.05 mg/kg - ppm,严肃的 ,RASFF,03-11-2020 17:21:49,
标题含环氧乙烷,芝麻烤了 ,坚果，坚果产品和种子 ,,,,2020.4721,农药残留物 ,环氧乙烷 ,mg/kg - ppm,> 5.0,0.05 mg/kg - ppm,严肃的 ,RASFF,03-11-2020 17:34:13,
标题含环氧乙烷,巧克力卓越黑色芝麻100 g tb ,可可和可可制剂，咖啡和茶 ,,,,2020.4731,,,,,,严肃的 ,RASFF,04-11-2020 13:03:59,
标题含环氧乙烷,芝麻籽 ,坚果，坚果产品和种子 ,,,,2020.4732,农药残留物 ,环氧乙烷 ,mg/kg - ppm,> 5,"0,05 mg/kg - ppm",严肃的 ,RASFF,04-11-2020 13:21:14,
标题含环氧乙烷,有机芝麻 ,坚果，坚果产品和种子 ,,,,2020.4737,农药残留物 ,环氧乙烷 ,mg/kg - ppm,"0,6","0,05 mg/kg - ppm",严肃的 ,RASFF,04-11-2020 14:50:48,
标题含环氧乙烷,有机芝麻 ,坚果，坚果产品和种子 ,,,,2020.4737,农药残留物 ,环氧乙烷 ,mg/kg - ppm,>5 ,0.01 mg/kg - ppm,严肃的 ,RASFF,04-11-2020 14:50:48,
标题含环氧乙烷,芝麻烤了 ,坚果，坚果产品和种子 ,,,,2020.4747,农药残留物 ,环氧乙烷 ,mg/kg - ppm,> 5.0,0.05 mg/kg - ppm,严肃的 ,RASFF,04-11-2020 16:18:48,
标题含环氧乙烷,去皮芝麻 ,坚果，坚果产品和种子 ,,,,2020.4821,,,,,,严肃的 ,RASFF,06-11-2020 15:08:59,
标题含环氧乙烷,芝麻烤了 ,坚果，坚果产品和种子 ,,,,2020.4746,农药残留物 ,环氧乙烷 ,mg/kg - ppm,> 5.0,0.05 mg/kg - ppm,严肃的 ,RASFF,04-11-2020 16:17:07,
标题含环氧乙烷,种子的混合物 ,坚果，坚果产品和种子 ,,,,2020.4826,,,,,,严肃的 ,RASFF,06-11-2020 16:01:21,
标题含环氧乙烷,Backmischung Kloostermix ,坚果，坚果产品和种子 ,,,,2020.4827,农药残留物 ,环氧乙烷 ,mg/kg - ppm,1.8,0.05 mg/kg - ppm,严肃的 ,RASFF,06-11-2020 16:02:13,
标题含环氧乙烷,新闻面包 ,谷物和面包店产品 ,,,,2020.4830,,,,,,严肃的 ,RASFF,06-11-2020 16:11:26,
标题含环氧乙烷,有机覆盖芝麻籽 ,坚果，坚果产品和种子 ,,,,2020.4831,农药残留物 ,环氧乙烷 ,mg/kg - ppm,5.4,,严肃的 ,RASFF,06-11-2020 16:15:02,
标题含环氧乙烷,有机覆盖芝麻籽 ,坚果，坚果产品和种子 ,,,,2020.4831,农药残留物 ,环氧乙烷 ,mg/kg - ppm,"2,1","0,05 mg/kg - ppm",严肃的 ,RASFF,06-11-2020 16:15:02,
标题含环氧乙烷,经络芝麻酱 ,汤，肉汤，酱汁和调味品 ,,,,2020.4835,,,,,,严肃的 ,RASFF,06-11-2020 16:29:07,
标题含环氧乙烷,芝麻忍受了 ,坚果，坚果产品和种子 ,,,,2020.4838,农药残留物 ,农药残留物 ,mg/kg - ppm,0.37,0.05 mg/kg - ppm,严肃的 ,RASFF,06-11-2020 16:59:28,
标题含环氧乙烷,塞萨莫12月份 生物ZG SG。 ,坚果，坚果产品和种子 ,,,,2020.4840,农药残留物 ,环氧乙烷 ,mg/kg - ppm,6.9,,严肃的 ,RASFF,06-11-2020 19:13:52,
标题含环氧乙烷,SESAM Hungy  - 未铺路面芝麻 ,坚果，坚果产品和种子 ,,,,2020.4833,农药残留物 ,环氧乙烷 ,mg/kg - ppm,"4,7 // 1,8 ",,严肃的 ,RASFF,06-11-2020 16:17:40,
标题含环氧乙烷,有机芝麻种子天然清洁 ,坚果，坚果产品和种子 ,,,,2020.4951,农药残留物 ,环氧乙烷 ,mg/kg - ppm,0.053,0.05 mg/kg - ppm,严肃的 ,RASFF,11-11-2020 15:17:06,
标题含环氧乙烷,芝麻籽无菌 ,坚果，坚果产品和种子 ,,,,2020.4949,农药残留物 ,环氧乙烷 ,mg/kg - ppm,> 5.0,0.05 mg/kg - ppm,严肃的 ,RASFF,11-11-2020 14:51:59,
标题含环氧乙烷,有机芝麻种子自然 ,坚果，坚果产品和种子 ,,,,2020.4946,农药残留物 ,环氧乙烷 ,mg/kg - ppm,6.6,0.05 mg/kg - ppm,严肃的 ,RASFF,11-11-2020 14:23:51,
标题含环氧乙烷,有机芝麻种子耐用 ,坚果，坚果产品和种子 ,,,,2020.4955,农药残留物 ,环氧乙烷 ,mg/kg - ppm,2.3,0.05 mg/kg - ppm,严肃的 ,RASFF,11-11-2020 15:32:01,
标题含环氧乙烷,有机芝麻种子耐用 ,坚果，坚果产品和种子 ,,,,2020.4956,农药残留物 ,环氧乙烷 ,mg/kg - ppm,2.2,0.05 mg/kg - ppm,严肃的 ,RASFF,11-11-2020 15:53:18,
标题含环氧乙烷,芝麻籽无菌 ,坚果，坚果产品和种子 ,,,,2020.4957,农药残留物 ,环氧乙烷 ,mg/kg - ppm,>5,0.05 mg/kg - ppm,严肃的 ,RASFF,11-11-2020 15:55:22,
标题含环氧乙烷,有机芝麻种子耐用 ,坚果，坚果产品和种子 ,,,,2020.4959,农药残留物 ,环氧乙烷 ,mg/kg - ppm,> 5.0,0.05 mg/kg - ppm,严肃的 ,RASFF,11-11-2020 16:02:40,
标题含环氧乙烷,芝麻籽无菌 ,坚果，坚果产品和种子 ,,,,2020.4960,农药残留物 ,环氧乙烷 ,mg/kg - ppm,> 5.0,0.05 mg/kg - ppm,严肃的 ,RASFF,11-11-2020 16:19:39,
标题含环氧乙烷,芝麻拍摄 ,其他食品/混合 ,,,,2020.5043,农药残留物 ,环氧乙烷 ,mg/kg - ppm,0.46,0.05 mg/kg - ppm,严肃的 ,RASFF,16-11-2020 17:01:09,
标题含环氧乙烷,有机芝麻种子耐用 ,坚果，坚果产品和种子 ,,,,2020.4961,农药残留物 ,环氧乙烷 ,mg/kg - ppm,> 5.0,0.05 mg/kg - ppm,严肃的 ,RASFF,11-11-2020 17:18:06,
标题含环氧乙烷,天然芝麻 ,坚果，坚果产品和种子 ,,,,2020.5047,农药残留物 ,环氧乙烷 ,mg/kg - ppm,1.3,0.05 mg/kg - ppm,严肃的 ,RASFF,16-11-2020 17:24:21,
标题含环氧乙烷,芝麻籽 ,坚果，坚果产品和种子 ,,,,2020.5046,农药残留物 ,环氧乙烷 ,mg/kg - ppm,"2,755//2,054",0.05 mg/kg - ppm,严肃的 ,RASFF,16-11-2020 17:13:37,
标题含环氧乙烷,有机芝麻种子自然 ,坚果，坚果产品和种子 ,,,,2020.5044,农药残留物 ,环氧乙烷 ,mg/kg - ppm,0.64,0.05 mg/kg - ppm,严肃的 ,RASFF,16-11-2020 17:06:24,
标题含环氧乙烷,芝麻籽 ,坚果，坚果产品和种子 ,,,,2020.5059,农药残留物 ,环氧乙烷 ,mg/kg - ppm,"31,0","0,05 mg/kg - ppm",严肃的 ,RASFF,17-11-2020 15:10:15,
标题含环氧乙烷,麦林的字母 ,谷物和面包店产品 ,,,,2020.5051,,,,,,未定 ,RASFF,16-11-2020 18:13:35,
标题含环氧乙烷,白色芝麻 ,坚果，坚果产品和种子 ,,,,2020.5054,农药残留物 ,环氧乙烷 ,mg/kg - ppm,0.98,0.01 mg/kg - ppm,严肃的 ,RASFF,17-11-2020 11:24:01,
标题含环氧乙烷,bakerymix 3型 ,其他食品/混合 ,,,,2020.5048,农药残留物 ,环氧乙烷 ,mg/kg - ppm,0.90,0.05 mg/kg - ppm,严肃的 ,RASFF,16-11-2020 17:25:47,
标题含环氧乙烷,芝麻籽无菌 ,坚果，坚果产品和种子 ,,,,2020.5061,农药残留物 ,环氧乙烷 ,mg/kg - ppm,4.5,0.05 mg/kg - ppm,严肃的 ,RASFF,17-11-2020 15:28:42,
标题含环氧乙烷,芝麻籽 ,坚果，坚果产品和种子 ,,,,2020.5172,,,,,,严肃的 ,RASFF,20-11-2020 16:39:50,
标题含环氧乙烷,生物芝麻籽去皮/未剥离 ,坚果，坚果产品和种子 ,,,,2020.5168,,,,,,严肃的 ,RASFF,20-11-2020 15:39:22,
标题含环氧乙烷,混合种子和谷物 ,其他食品/混合 ,,,,2020.5176,农药残留物 ,环氧乙烷 ,mg/kg - ppm,0.041 (± 0.021),,严肃的 ,RASFF,20-11-2020 18:28:26,
标题含环氧乙烷,混合种子和谷物 ,其他食品/混合 ,,,,2020.5176,农药残留物 ,环氧乙烷 ,mg/kg - ppm,0.39 (± 0.20) mg/kg,,严肃的 ,RASFF,20-11-2020 18:28:26,
标题含环氧乙烷,混合种子和谷物 ,其他食品/混合 ,,,,2020.5176,农药残留物 ,环氧乙烷 ,mg/kg - ppm,0.60 (± 0.30),,严肃的 ,RASFF,20-11-2020 18:28:26,
标题含环氧乙烷,有机芝麻 ,坚果，坚果产品和种子 ,,,,2020.5205,农药残留物 ,环氧乙烷 ,mg/kg - ppm,"> 5,0",,严肃的 ,RASFF,23-11-2020 14:26:13,
标题含环氧乙烷,无麸质面包/// /无麸质面包 ,谷物和面包店产品 ,,,,2020.5206,农药残留物 ,环氧乙烷 ,mg/kg - ppm,>0.4,,未定 ,RASFF,23-11-2020 14:41:00,
标题含环氧乙烷,芝麻去皮了 ,草药和香料 ,,,,2020.5222,农药残留物 ,环氧乙烷 ,mg/kg - ppm,"8,1","0,050 mg/kg - ppm",严肃的 ,RASFF,24-11-2020 09:50:52,
标题含环氧乙烷,有机芝麻种子耐用 ,坚果，坚果产品和种子 ,,,,2020.5225,农药残留物 ,环氧乙烷 ,mg/kg - ppm,5.3,0.05 mg/kg - ppm,严肃的 ,RASFF,24-11-2020 11:45:07,
标题含环氧乙烷,戴着白芝麻籽 ,坚果，坚果产品和种子 ,,,,2020.5236,农药残留物 ,环氧乙烷 ,mg/kg - ppm,5,0.05 mg/kg - ppm,严肃的 ,RASFF,24-11-2020 15:41:32,
标题含环氧乙烷,芝麻籽 ,坚果，坚果产品和种子 ,,,,2020.5247,农药残留物 ,环氧乙烷 ,mg/kg - ppm,"1,9","0,05 mg/kg - ppm",严肃的 ,RASFF,24-11-2020 16:44:37,
标题含环氧乙烷,冷冻面包 ,谷物和面包店产品 ,,,,2020.5303,农药残留物 ,环氧乙烷 ,mg/kg - ppm,"0,044 +/- 30%","0,015 mg/kg - ppm",严肃的 ,RASFF,25-11-2020 17:19:14,
标题含环氧乙烷,芝麻烤 ,坚果，坚果产品和种子 ,,,,2020.5305,农药残留物 ,环氧乙烷 ,mg/kg - ppm,1.1,0.05 mg/kg - ppm,严肃的 ,RASFF,25-11-2020 17:30:25,
标题含环氧乙烷,芝麻籽 ,坚果，坚果产品和种子 ,,,,2020.5319,农药残留物 ,环氧乙烷 ,mg/kg - ppm,24.31,0.05 mg/kg - ppm,严肃的 ,RASFF,26-11-2020 10:47:58,
标题含环氧乙烷,芝麻籽 ,坚果，坚果产品和种子 ,,,,2020.5319,农药残留物 ,环氧乙烷 ,mg/kg - ppm,1.50,0.05 mg/kg - ppm,严肃的 ,RASFF,26-11-2020 10:47:58,
标题含环氧乙烷,芝麻籽 ,坚果，坚果产品和种子 ,,,,2020.5319,农药残留物 ,环氧乙烷 ,mg/kg - ppm,1.11,0.05 mg/kg - ppm,严肃的 ,RASFF,26-11-2020 10:47:58,
标题含环氧乙烷,有机生芝麻，有机烤芝麻籽，有机蔬菜OMEGA（SEED MIX），VITASEEDS地面亚麻，大麻，葵花子，芝麻，南瓜蓝莓，有机芝麻种子自然科学 ,坚果，坚果产品和种子 ,,,,2020.5336,,,,,,严肃的 ,RASFF,26-11-2020 15:04:31,
标题含环氧乙烷,芝麻籽 ,坚果，坚果产品和种子 ,,,,2020.5342,农药残留物 ,农药残留物 ,mg/kg - ppm,22,"0,05 mg/kg - ppm",严肃的 ,RASFF,26-11-2020 16:38:39,
标题含环氧乙烷,有机芝麻 ,坚果，坚果产品和种子 ,,,,2020.5344,农药残留物 ,环氧乙烷 ,mg/kg - ppm,1.7,0.05 mg/kg - ppm,严肃的 ,RASFF,26-11-2020 16:53:14,
标题含环氧乙烷,有机芝麻种子耐用 ,坚果，坚果产品和种子 ,,,,2020.5345,农药残留物 ,环氧乙烷 ,mg/kg - ppm,0.32,0.05 mg/kg - ppm,严肃的 ,RASFF,26-11-2020 16:54:33,
标题含环氧乙烷,有机芝麻种子自然 ,坚果，坚果产品和种子 ,,,,2020.5346,农药残留物 ,环氧乙烷 ,mg/kg - ppm,1.7,0.05 mg/kg - ppm,严肃的 ,RASFF,26-11-2020 16:54:53,
标题含环氧乙烷,有机芝麻种子耐用 ,坚果，坚果产品和种子 ,,,,2020.5349,农药残留物 ,环氧乙烷 ,mg/kg - ppm,> 5.0,0.05 mg/kg - ppm,严肃的 ,RASFF,26-11-2020 17:09:36,
标题含环氧乙烷,芝麻籽 ,坚果，坚果产品和种子 ,,,,2020.5437,农药残留物 ,环氧乙烷 ,mg/kg - ppm,18.1,0.05 mg/kg - ppm,严肃的 ,RASFF,30-11-2020 16:47:42,
标题含环氧乙烷,芝麻自然 ,坚果，坚果产品和种子 ,,,,2020.5438,农药残留物 ,环氧乙烷 ,mg/kg - ppm,8.1,0.05 mg/kg - ppm,严肃的 ,RASFF,30-11-2020 17:00:40,
标题含环氧乙烷,有机海面包 ,谷物和面包店产品 ,,,,2020.5439,,,,,,严肃的 ,RASFF,30-11-2020 17:52:16,
标题含环氧乙烷,枯萎的芝麻 ,谷物和面包店产品 ,,,,2020.5443,农药残留物 ,环氧乙烷 ,mg/kg - ppm,2.2,0.05 mg/kg - ppm,严肃的 ,RASFF,01-12-2020 09:42:34,
标题含环氧乙烷,枯萎的芝麻 ,谷物和面包店产品 ,,,,2020.5443,农药残留物 ,环氧乙烷 ,mg/kg - ppm,1.7,0.05 mg/kg - ppm,严肃的 ,RASFF,01-12-2020 09:42:34,
标题含环氧乙烷,枯萎的芝麻 ,谷物和面包店产品 ,,,,2020.5443,农药残留物 ,环氧乙烷 ,mg/kg - ppm,3.2,0.05 mg/kg - ppm,严肃的 ,RASFF,01-12-2020 09:42:34,
标题含环氧乙烷,有机覆盖芝麻籽 ,坚果，坚果产品和种子 ,,,,2020.5463,农药残留物 ,环氧乙烷 ,mg/kg - ppm,"> 0,4","0,05 mg/kg - ppm",严肃的 ,RASFF,01-12-2020 16:47:30,
标题含环氧乙烷,生物seseamsamen natur ,坚果，坚果产品和种子 ,,,,2020.5461,农药残留物 ,环氧乙烷 ,mg/kg - ppm,"0,54","0,05 mg/kg - ppm",严肃的 ,RASFF,01-12-2020 15:12:51,
标题含环氧乙烷,芝麻籽 ,坚果，坚果产品和种子 ,,,,2020.5454,农药残留物 ,环氧乙烷 ,mg/kg - ppm,"31,73","0,05 mg/kg - ppm",严肃的 ,RASFF,01-12-2020 13:15:58,
标题含环氧乙烷,有机芝麻种子耐用 ,坚果，坚果产品和种子 ,,,,2020.5548,农药残留物 ,环氧乙烷 ,mg/kg - ppm,0.087,0.05 mg/kg - ppm,严肃的 ,RASFF,04-12-2020 09:41:59,
标题含环氧乙烷,有机芝麻种子耐用 ,坚果，坚果产品和种子 ,,,,2020.5548,农药残留物 ,环氧乙烷 ,mg/kg - ppm,1.6,0.05 mg/kg - ppm,严肃的 ,RASFF,04-12-2020 09:41:59,
标题含环氧乙烷,芝麻籽 ,坚果，坚果产品和种子 ,,,,2020.5565,农药残留物 ,环氧乙烷 ,/kg,13mg,0.05mg /kg,严肃的 ,RASFF,04-12-2020 14:46:40,
标题含环氧乙烷,芝麻油250ml x6  - 芝麻IL ,脂肪和油脂 ,,,,2020.5552,,,,,,严肃的 ,RASFF,04-12-2020 10:35:02,
标题含环氧乙烷,芝麻籽 ,坚果，坚果产品和种子 ,,,,2020.5566,农药残留物 ,环氧乙烷 ,/kg,>5mg,0.05mg /kg,严肃的 ,RASFF,04-12-2020 14:54:55,
标题含环氧乙烷,烤芝麻 ,坚果，坚果产品和种子 ,,,,2020.5570,农药残留物 ,环氧乙烷 ,mg/kg - ppm,"2,1","0,05 mg/kg - ppm",严肃的 ,RASFF,04-12-2020 16:44:41,
标题含环氧乙烷,芝麻籽 ,坚果，坚果产品和种子 ,,,,2020.5585,农药残留物 ,环氧乙烷 ,mg/kg - ppm,"0,90","0,05 mg/kg - ppm",严肃的 ,RASFF,07-12-2020 12:46:38,
标题含环氧乙烷,有机芝麻 ,坚果，坚果产品和种子 ,,,,2020.5589,,,,,,严肃的 ,RASFF,07-12-2020 14:52:17,
标题含环氧乙烷,有机芝麻种子耐用 ,坚果，坚果产品和种子 ,,,,2020.5674,农药残留物 ,环氧乙烷 ,mg/kg - ppm,0.38,0.05 mg/kg - ppm,严肃的 ,RASFF,10-12-2020 17:20:35,
标题含环氧乙烷,芝麻籽 ,坚果，坚果产品和种子 ,,,,2020.5675,农药残留物 ,环氧乙烷 ,mg/kg - ppm,1.84,0.05 mg/kg - ppm,严肃的 ,RASFF,10-12-2020 17:22:51,
标题含环氧乙烷,芝麻籽 ,坚果，坚果产品和种子 ,,,,2020.5677,农药残留物 ,环氧乙烷 ,mg/kg - ppm,1.03,0.05 mg/kg - ppm,严肃的 ,RASFF,10-12-2020 17:29:23,
标题含环氧乙烷,芝麻籽 ,坚果，坚果产品和种子 ,,,,2020.5678,农药残留物 ,环氧乙烷 ,mg/kg - ppm,2.5,0.05 mg/kg - ppm,严肃的 ,RASFF,10-12-2020 17:31:07,
标题含环氧乙烷,芝麻籽 ,坚果，坚果产品和种子 ,,,,2020.5679,农药残留物 ,环氧乙烷 ,mg/kg - ppm,1.1,0.05 mg/kg - ppm,严肃的 ,RASFF,10-12-2020 17:33:21,
标题含环氧乙烷,芝麻籽 ,坚果，坚果产品和种子 ,,,,2020.5680,农药残留物 ,环氧乙烷 ,mg/kg - ppm,2.8,0.05 mg/kg - ppm,严肃的 ,RASFF,10-12-2020 17:34:55,
标题含环氧乙烷,芝麻籽 ,坚果，坚果产品和种子 ,,,,2020.5682,农药残留物 ,环氧乙烷 ,mg/kg - ppm,> 5.0,0.05 mg/kg - ppm,严肃的 ,RASFF,10-12-2020 17:40:22,
标题含环氧乙烷,芝麻籽 ,坚果，坚果产品和种子 ,,,,2020.5687,农药残留物 ,环氧乙烷 ,mg/kg - ppm,> 5.0,0.05 mg/kg - ppm,严肃的 ,RASFF,11-12-2020 10:13:32,
标题含环氧乙烷,芝麻籽 ,坚果，坚果产品和种子 ,,,,2020.5688,农药残留物 ,环氧乙烷 ,mg/kg - ppm,1.0,0.05 mg/kg - ppm,严肃的 ,RASFF,11-12-2020 10:22:32,
标题含环氧乙烷,芝麻籽无剥离 ,坚果，坚果产品和种子 ,,,,2020.5780,农药残留物 ,环氧乙烷 ,mg/kg - ppm,"6,8","0,05 mg/kg - ppm",严肃的 ,RASFF,15-12-2020 17:17:30,
标题含环氧乙烷,面包店混合 ,谷物和面包店产品 ,,,,2020.5797,农药残留物 ,环氧乙烷 ,mg/kg - ppm,"0,38",,严肃的 ,RASFF,16-12-2020 14:45:13,
标题含环氧乙烷,无用的芝麻 ,坚果，坚果产品和种子 ,,,,2020.5798,农药残留物 ,环氧乙烷 ,mg/kg - ppm,1.5,0.05 mg/kg - ppm,严肃的 ,RASFF,16-12-2020 14:57:52,
标题含环氧乙烷,有机黑芝麻 ,坚果，坚果产品和种子 ,,,,2020.5817,农药残留物 ,环氧乙烷 ,mg/kg - ppm,0.098,,严肃的 ,RASFF,17-12-2020 12:40:05,
标题含环氧乙烷,芝麻籽 ,坚果，坚果产品和种子 ,,,,2020.5818,农药残留物 ,环氧乙烷 ,mg/kg - ppm,1 ,SUSTANCIA NO AUTORIZADA,严肃的 ,RASFF,17-12-2020 13:02:15,
标题含环氧乙烷,芝麻籽 ,坚果，坚果产品和种子 ,,,,2020.5822,农药残留物 ,环氧乙烷 ,mg/kg - ppm,13,0.05 mg/kg - ppm,严肃的 ,RASFF,17-12-2020 13:32:50,
标题含环氧乙烷,芝麻籽 ,坚果，坚果产品和种子 ,,,,2020.5823,农药残留物 ,环氧乙烷 ,mg/kg - ppm,0.36,0.05,严肃的 ,RASFF,17-12-2020 14:12:11,
标题含环氧乙烷,芝麻籽 ,坚果，坚果产品和种子 ,,,,2020.5824,农药残留物 ,环氧乙烷 ,mg/kg - ppm,13,0.05 mg/kg - ppm,严肃的 ,RASFF,17-12-2020 14:12:20,
标题含环氧乙烷,芝麻籽 ,坚果，坚果产品和种子 ,,,,2020.5831,农药残留物 ,环氧乙烷 ,mg/kg - ppm,14,0.05 mg/kg - ppm,严肃的 ,RASFF,17-12-2020 15:21:56,
标题含环氧乙烷,芝麻籽 ,坚果，坚果产品和种子 ,,,,2020.5934,农药残留物 ,环氧乙烷 ,mg/kg - ppm,> 5.0,0.05 mg/kg - ppm,严肃的 ,RASFF,22-12-2020 08:46:08,
标题含环氧乙烷,芝麻籽 ,坚果，坚果产品和种子 ,,,,2020.5936,农药残留物 ,环氧乙烷 ,mg/kg - ppm,0.48,0.05 mg/kg - ppm,严肃的 ,RASFF,22-12-2020 09:52:01,
标题含环氧乙烷,芝麻籽 ,坚果，坚果产品和种子 ,,,,2020.5937,农药残留物 ,环氧乙烷 ,mg/kg - ppm,> 5.0,0.05 mg/kg - ppm,严肃的 ,RASFF,22-12-2020 09:59:04,
标题含环氧乙烷,芝麻籽 ,坚果，坚果产品和种子 ,,,,2020.5940,农药残留物 ,环氧乙烷 ,mg/kg - ppm,1.1,0.05,严肃的 ,RASFF,22-12-2020 10:52:45,
标题含环氧乙烷,芝麻籽 ,坚果，坚果产品和种子 ,,,,2020.5942,农药残留物 ,环氧乙烷 ,mg/kg - ppm,10.4,0.05 mg/kg - ppm,严肃的 ,RASFF,22-12-2020 11:05:34,
标题含环氧乙烷,芝麻籽 ,坚果，坚果产品和种子 ,,,,2020.5943,农药残留物 ,环氧乙烷 ,mg/kg - ppm,> 5.0,0.05 mg/kg - ppm,严肃的 ,RASFF,22-12-2020 11:22:40,
标题含环氧乙烷,芝麻籽 ,坚果，坚果产品和种子 ,,,,2020.5944,农药残留物 ,环氧乙烷 ,mg/kg - ppm,2.0,0.05 mg/kg - ppm,严肃的 ,RASFF,22-12-2020 11:23:06,
标题含环氧乙烷,芝麻籽 ,坚果，坚果产品和种子 ,,,,2020.5946,农药残留物 ,环氧乙烷 ,mg/kg - ppm,3.3,0.05 mg/kg - ppm,严肃的 ,RASFF,22-12-2020 11:43:04,
标题含环氧乙烷,覆盆子饼干用芝麻籽（覆盆子和芝麻喷砂饼干） ,谷物和面包店产品 ,,,,2020.5947,,,,,,未定 ,RASFF,22-12-2020 12:19:29,
标题含环氧乙烷,芝麻籽 ,坚果，坚果产品和种子 ,,,,2020.6027,农药残留物 ,环氧乙烷 ,mg/kg - ppm,> 5.0,0.05 mg/kg - ppm,严肃的 ,RASFF,24-12-2020 12:53:22,
标题含环氧乙烷,芝麻籽 ,坚果，坚果产品和种子 ,,,,2020.6029,农药残留物 ,环氧乙烷 ,mg/kg - ppm,0.81,0.05 mg/kg - ppm,严肃的 ,RASFF,24-12-2020 13:05:16,
标题含环氧乙烷,芝麻籽 ,坚果，坚果产品和种子 ,,,,2020.6032,农药残留物 ,环氧乙烷 ,mg/kg - ppm,0.48,0.05,严肃的 ,RASFF,24-12-2020 15:10:27,
标题含环氧乙烷,去皮芝麻 ,坚果，坚果产品和种子 ,,,,2020.6034,农药残留物 ,环氧乙烷 ,mg/kg - ppm,"3,6","0,05 mg/kg - ppm",严肃的 ,RASFF,24-12-2020 15:27:39,
标题含环氧乙烷,黑芝麻 ,坚果，坚果产品和种子 ,,,,2020.6036,农药残留物 ,环氧乙烷 ,mg/kg - ppm,2.4,0.05 mg/kg - ppm,严肃的 ,RASFF,24-12-2020 15:44:35,
标题含环氧乙烷,芝麻籽 ,坚果，坚果产品和种子 ,,,,2020.6037,农药残留物 ,环氧乙烷 ,mg/kg - ppm,2.1,0.05 mg/kg - ppm,严肃的 ,RASFF,24-12-2020 15:58:25,
标题含环氧乙烷,芝麻籽 ,坚果，坚果产品和种子 ,,,,2020.6038,农药残留物 ,环氧乙烷 ,mg/kg - ppm,"10,4",0.05 mg/kg - ppm,严肃的 ,RASFF,24-12-2020 16:31:31,
标题含环氧乙烷,芝麻酱 ,坚果，坚果产品和种子 ,,,,2020.6039,,,,,,严肃的 ,RASFF,24-12-2020 16:46:57,
标题含环氧乙烷,巧克力棒与芝麻 ,可可和可可制剂，咖啡和茶 ,,,,2020.6044,农药残留物 ,环氧乙烷 ,mg/kg - ppm,"1,1","0,05 mg/kg - ppm",严肃的 ,RASFF,24-12-2020 17:23:24,
标题含环氧乙烷,巧克力棒与芝麻 ,可可和可可制剂，咖啡和茶 ,,,,2020.6044,农药残留物 ,环氧乙烷 ,mg/kg - ppm,"0,02","0,05 mg/kg - ppm",严肃的 ,RASFF,24-12-2020 17:23:24,
标题含环氧乙烷,迷你披萨与蔬菜 ,准备好的菜肴和小吃 ,,,,2021.0129,,,,,,严肃的 ,RASFF,11-01-2021 16:04:06,
标题含环氧乙烷,芝麻籽 ,坚果，坚果产品和种子 ,,,,2021.0130,农药残留物 ,环氧乙烷 ,mg/kg - ppm,13,0.05 mg/kg - ppm,严肃的 ,RASFF,11-01-2021 16:20:42,
标题含环氧乙烷,我是酱汁 ,汤，肉汤，酱汁和调味品 ,,,,2021.0133,,,,,,严肃的 ,RASFF,11-01-2021 17:25:31,
标题含环氧乙烷,谷物栏 ,谷物和面包店产品 ,,,,2021.0134,,,,,,严肃的 ,RASFF,11-01-2021 17:52:51,
标题含环氧乙烷,有机芝麻种子耐用 ,坚果，坚果产品和种子 ,,,,2021.0160,农药残留物 ,环氧乙烷 ,mg/kg - ppm,9.2,0.05 mg/kg - ppm,严肃的 ,RASFF,12-01-2021 16:11:38,
标题含环氧乙烷,Auberginencreme ///茄子冰淇淋 ,其他食品/混合 ,,,,2021.0166,,,,,,严肃的 ,RASFF,13-01-2021 10:51:27,
标题含环氧乙烷,芝麻籽 ,坚果，坚果产品和种子 ,,,,2021.0167,农药残留物 ,环氧乙烷 ,mg/kg - ppm,"1,3","0,05 mg/kg - ppm",严肃的 ,RASFF,13-01-2021 10:52:32,
标题含环氧乙烷,芝麻籽 ,坚果，坚果产品和种子 ,,,,2021.0167,农药残留物 ,环氧乙烷 ,mg/kg - ppm,10,"0,05 mg/kg - ppm",严肃的 ,RASFF,13-01-2021 10:52:32,
标题含环氧乙烷,芝麻籽 ,坚果，坚果产品和种子 ,,,,2021.0178,农药残留物 ,环氧乙烷 ,mg/kg - ppm,"0,63","0,05 mg/kg - ppm",严肃的 ,RASFF,13-01-2021 17:34:47,
标题含环氧乙烷,芝麻籽 ,坚果，坚果产品和种子 ,,,,2021.0177,农药残留物 ,环氧乙烷 ,mg/kg - ppm,"0,47",,严肃的 ,RASFF,13-01-2021 17:19:56,
标题含环氧乙烷,芝麻籽 ,坚果，坚果产品和种子 ,,,,2021.0177,农药残留物 ,环氧乙烷 ,mg/kg - ppm,"3,8",,严肃的 ,RASFF,13-01-2021 17:19:56,
标题含环氧乙烷,芝麻籽 ,坚果，坚果产品和种子 ,,,,2021.0177,农药残留物 ,环氧乙烷 ,mg/kg - ppm,"0,25",,严肃的 ,RASFF,13-01-2021 17:19:56,
标题含环氧乙烷,芝麻籽 ,坚果，坚果产品和种子 ,,,,2021.0177,农药残留物 ,环氧乙烷 ,mg/kg - ppm,"0,81",,严肃的 ,RASFF,13-01-2021 17:19:56,
标题含环氧乙烷,芝麻籽 ,坚果，坚果产品和种子 ,,,,2021.0177,农药残留物 ,环氧乙烷 ,mg/kg - ppm,> 5,,严肃的 ,RASFF,13-01-2021 17:19:56,
标题含环氧乙烷,芝麻籽 ,坚果，坚果产品和种子 ,,,,2021.0177,农药残留物 ,环氧乙烷 ,mg/kg - ppm,"0,25",,严肃的 ,RASFF,13-01-2021 17:19:56,
标题含环氧乙烷,芝麻籽 ,坚果，坚果产品和种子 ,,,,2021.0321,农药残留物 ,环氧乙烷 ,mg/kg - ppm,2.3,0.05 mg/kg - ppm,严肃的 ,RASFF,21-01-2021 13:02:23,
标题含环氧乙烷,芝麻籽 ,坚果，坚果产品和种子 ,,,,2021.0321,农药残留物 ,环氧乙烷 ,mg/kg - ppm,4.01,0.05 mg/kg - ppm,严肃的 ,RASFF,21-01-2021 13:02:23,
标题含环氧乙烷,芝麻面包棒 ,谷物和面包店产品 ,,,,2021.0376,,,,,,严肃的 ,RASFF,25-01-2021 11:00:28,
标题含环氧乙烷,芝麻籽 ,坚果，坚果产品和种子 ,,,,2021.0382,农药残留物 ,环氧乙烷 ,mg/kg - ppm,"3,8","0,05 mg/kg - ppm",严肃的 ,RASFF,25-01-2021 13:48:58,
标题含环氧乙烷,博尔格面包（Maxi-Burguer） ,谷物和面包店产品 ,,,,2021.0383,,,,,,严肃的 ,RASFF,25-01-2021 15:03:34,
标题含环氧乙烷,烤芝麻 ,坚果，坚果产品和种子 ,,,,2021.0388,,,,,,严肃的 ,RASFF,25-01-2021 16:51:22,
标题含环氧乙烷,生物SESAM去皮///有机芝麻铁壳 ,坚果，坚果产品和种子 ,,,,2021.0428,农药残留物 ,环氧乙烷 ,,"3,6 ","0,05",严肃的 ,RASFF,27-01-2021 16:09:06,
标题含环氧乙烷,不同的产品（见列表） ,其他食品/混合 ,,,,2021.0429,,,,,,严肃的 ,RASFF,27-01-2021 16:37:48,
标题含环氧乙烷,Echalote Semoule  - 干Shalumbes ,草药和香料 ,,,,2021.0430,农药残留物 ,环氧乙烷 ,mg/kg - ppm,0.086,0.02 mg/kg - ppm,未定 ,RASFF,27-01-2021 16:39:09,
标题含环氧乙烷,芝麻籽 ,坚果，坚果产品和种子 ,,,,2021.0431,农药残留物 ,环氧乙烷 ,mg/kg - ppm,0.9,0.05 mg/kg - ppm,严肃的 ,RASFF,27-01-2021 16:51:09,
标题含环氧乙烷,芝麻烤了 ,坚果，坚果产品和种子 ,,,,2021.0722,农药残留物 ,环氧乙烷 ,mg/kg - ppm,0.22,0.05 mg/kg - ppm,严肃的 ,RASFF,11-02-2021 14:55:59,
标题含环氧乙烷,芝麻籽 ,坚果，坚果产品和种子 ,,,,2021.0723,农药残留物 ,环氧乙烷 ,mg/kg - ppm,"18,7","0,05 mg/kg - ppm",严肃的 ,RASFF,11-02-2021 15:13:15,
标题含环氧乙烷,BIO SG PAIN汉堡包125G ,谷物和面包店产品 ,,,,2021.0724,,,,,,未定 ,RASFF,11-02-2021 15:17:47,
标题含环氧乙烷,有机机械覆盖芝麻 ,坚果，坚果产品和种子 ,,,,2021.0726,农药残留物 ,环氧乙烷 ,mg/kg - ppm,0.29,0.05 mg/kg - ppm,严肃的 ,RASFF,11-02-2021 15:44:09,
标题含环氧乙烷,Panustri在芝麻 ,谷物和面包店产品 ,,,,2021.0738,,,,,,严肃的 ,RASFF,12-02-2021 11:01:31,
标题含环氧乙烷,黑色芝麻 ,其他食品/混合 ,,,,2021.0773,,,,,,严肃的 ,RASFF,15-02-2021 12:53:39,
标题含环氧乙烷,长方形宝石生物谷物 ,谷物和面包店产品 ,,,,2021.0776,,,,,,严肃的 ,RASFF,15-02-2021 13:51:55,
标题含环氧乙烷,芝麻籽 ,坚果，坚果产品和种子 ,,,,2021.0782,农药残留物 ,环氧乙烷 ,mg/kg - ppm," > 5,0","0,05 mg/kg - ppm",严肃的 ,RASFF,15-02-2021 15:20:16,
标题含环氧乙烷,装饰品 ,水果和蔬菜 ,,,,2021.0797,农药残留物 ,环氧乙烷 ,mg/kg - ppm,"0,58±0,29 ",0.02 mg/kg - ppm,严肃的 ,RASFF,15-02-2021 19:25:36,
标题含环氧乙烷,姜黄 ,草药和香料 ,,,,2021.0916,农药残留物 ,环氧乙烷 ,mg/kg - ppm,2,"0,1 mg/kg - ppm",严肃的 ,RASFF,23-02-2021 11:33:02,
标题含环氧乙烷,几个饼干 ,其他食品/混合 ,,,,2021.0924,,,,,,严肃的 ,RASFF,23-02-2021 14:24:32,
标题含环氧乙烷,芝麻和香料与芝麻籽混合 ,其他食品/混合 ,,,,2021.0934,农药残留物 ,环氧乙烷 ,mg/kg - ppm,"2,1","0,05 mg/kg - ppm",严肃的 ,RASFF,23-02-2021 17:23:11,
标题含环氧乙烷,对不起，我很抱歉。 ,汤，肉汤，酱汁和调味品 ,,,,2021.0946,,,,,,未定 ,RASFF,24-02-2021 10:08:16,
标题含环氧乙烷,芝麻籽 ,坚果，坚果产品和种子 ,,,,2021.0964,农药残留物 ,环氧乙烷 ,mg/kg - ppm,3,"0,05 mg/kg - ppm",严肃的 ,RASFF,24-02-2021 15:58:39,
标题含环氧乙烷,格兰诺拉麦片用五种子 ,谷物和面包店产品 ,,,,2021.0972,农药残留物 ,环氧乙烷 ,mg/kg - ppm,4,0.01 mg/kg - ppm,严肃的 ,RASFF,25-02-2021 12:56:59,
标题含环氧乙烷,有机芝麻 ,坚果，坚果产品和种子 ,,,,2021.0980,农药残留物 ,环氧乙烷 ,mg/kg - ppm,"4,6","0,05 mg/kg - ppm",严肃的 ,RASFF,25-02-2021 15:04:39,
标题含环氧乙烷,多雷恩面包 ,谷物和面包店产品 ,,,,2021.0994,,,,,,未定 ,RASFF,26-02-2021 11:24:27,
标题含环氧乙烷,芝麻种子去皮///芝麻籽耐用 ,坚果，坚果产品和种子 ,,,,2021.1002,农药残留物 ,环氧乙烷 ,mg/kg - ppm,"4,7 +/- 2,35","0,05 mg/kg - ppm",严肃的 ,RASFF,26-02-2021 14:45:28,
标题含环氧乙烷,芝麻籽 ,坚果，坚果产品和种子 ,,,,2020.5681,农药残留物 ,环氧乙烷 ,mg/kg - ppm,2.0,0.05 mg/kg - ppm,严肃的 ,RASFF,10-12-2020 17:40:21,
标题含环氧乙烷,芝麻籽 ,坚果，坚果产品和种子 ,,,,2020.5405,农药残留物 ,环氧乙烷 ,mg/kg - ppm,2.7,0.05 mg/kg - ppm,严肃的 ,RASFF,30-11-2020 10:15:55,
标题含环氧乙烷,烤芝麻 ,坚果，坚果产品和种子 ,,,,2021.0552,,,,,,严肃的 ,RASFF,04-02-2021 12:48:27,
标题含环氧乙烷,面包混合 ,谷物和面包店产品 ,,,,2021.0485,,,,,,严肃的 ,RASFF,02-02-2021 11:15:17,
标题含环氧乙烷,枯萎的芝麻 ,坚果，坚果产品和种子 ,,,,2021.0450,农药残留物 ,环氧乙烷 ,mg/kg - ppm,>5.0,0.05 mg/kg - ppm,严肃的 ,RASFF,29-01-2021 12:09:52,
标题含环氧乙烷,沙爹粉 ,汤，肉汤，酱汁和调味品 ,,,,2021.0432,,,,,,严肃的 ,RASFF,27-01-2021 16:58:15,
