信息来源,搜索条件,物料名称,产品分类,生产商,供应商,生产日期,批号,项目分类,检测项目,单位,检测结果,限量值,判定,发布单位,发布日期,备注
RASFF,黄豆,面条 ,谷物和面包店产品 ,,,,2021.2526,,,,,,严肃的 ,国外预警(RASFF),19-05-2021,
RASFF,黄豆,曲奇饼 ,谷物和面包店产品 ,,,,2021.3475,,,,,,严肃的 ,国外预警(RASFF),01-07-2021,
RASFF,食用酒精,啤酒 ,含酒精的饮料 ,,,,2021.0828,,,,,,严肃的 ,国外预警(RASFF),17-02-2021,
RASFF,食用酒精,"啤酒，美国啤酒4,8％无麸质免费 ",含酒精的饮料 ,,,,2021.3933,过敏原 ,未宣布的麸质 ,mg/kg - ppm,73.8,,严肃的 ,国外预警(RASFF),26-07-2021,
RASFF,果葡糖浆,日期糖浆 ,其他食品/混合 ,,,,2021.3889,霉菌毒素 ,Ochratoxin A. ,µg/kg - ppb,"3,2 ","2,0 µg/kg - ppb",未定 ,国外预警(RASFF),22-07-2021,
RASFF,黄豆,面条 ,谷物和面包店产品 ,,,,2021.2526,,,,,,严肃的 ,国外预警(RASFF),19-05-2021,
RASFF,黄豆,曲奇饼 ,谷物和面包店产品 ,,,,2021.3475,,,,,,严肃的 ,国外预警(RASFF),01-07-2021,
食安通,小麦、小麦粉,小麦粉,,漳州市芗城前山面粉厂,,2015-07-05,,,脱氧雪腐镰刀菌烯醇（≤1000μg/kg）,,1530μg/kg,,不合格,国内监督抽查(福建省食药监局),2016-02-26,
食安通,小麦、小麦粉,高筋小麦粉（饺子面条粉）,,广东白燕粮油食实业有限公司,,2015-01-20,,,脱氧雪腐镰刀菌烯醇（≤1000μg/kg）,,1557μg/kg,,不合格,国内监督抽查(福建省食药监局),2016-02-26,
食安通,小麦、小麦粉,马耳朵（油炸小麦制品）,,长乐航城鑫诚小吃店,,2015-08-27,,,铝的残留量（以干基计）（100mg/kg（干样品，以Al计））,,256.1mg/kg,,不合格,国内监督抽查(福建省食药监局),2016-02-26,
食安通,小麦、小麦粉,油条（油炸小麦制品）,,长乐航城鑫诚小吃店,,2015-08-27,,,铝的残留量（以干基计）（100mg/kg（干样品，以Al计））,,656.3mg/kg,,不合格,国内监督抽查(福建省食药监局),2016-02-26,
食安通,小麦、小麦粉,炸老鼠(油炸小麦粉制品),,尤溪县城兴小吃店,,2015-08-18,,,铝的残留量（以干基计）（≤100）,,215mg/kg,,不合格,国内监督抽查(福建省食药监局),2016-02-26,
食安通,小麦、小麦粉,小麦酒49%voL,,公安县黄兴高粱酒厂,,2015-09-12,,,糖精钠（不得使用）,,0.010g/kg,,不合格,国内监督抽查(湖北省食药监局),2016-02-18,
食安通,小麦、小麦粉,小麦淀粉,,南京甘汁园糖业有限公司,,2015-10-17,,,大肠菌群（≤70MPN/100g）,,930MPN/100g,,不合格,国内监督抽查(江苏省食药监局),2016-02-03,
食安通,小麦、小麦粉,即食小麦包,,深圳市越创品味轩饮食服务有限公司,,/,,,铝的残留量,,/,,不合格,国内监督抽查(深圳市食药监局),2016-03-09,
食安通,小麦、小麦粉,小麦淀粉,,上海裕田农业科技有限公司,,2015-10-29,,,大肠菌群（≤70MPN/100g）,,430MPN/100g,,不合格,国内监督抽查(江苏省食药监局),2016-03-02,
食安通,小麦、小麦粉,小麦粉,,徐州金谷园面粉有限公司,,2015-10-11,,,脱氧雪腐镰刀菌烯醇（≤1000μg/kg）,,1300μg/kg,,不合格,国内监督抽查(江苏省食药监局),2016-04-29,
食安通,小麦、小麦粉,小麦粉（特制二等）,,上虞市天丰粮食有限公司,,2015-11-16,,,脱氧雪腐镰刀菌烯醇（1000μg/kg）,,1469μg/kg,,不合格,国内监督抽查(浙江省食药监局),2016-04-26,
食安通,小麦、小麦粉,小麦粉（特制一等）,,上虞市天丰粮食有限公司,,2015-11-17,,,脱氧雪腐镰刀菌烯醇（≤11000μg/kg）,,1736μg/kg,,不合格,国内监督抽查(浙江省食药监局),2016-04-26,
食安通,小麦、小麦粉,小麦粉,,徐州经济技术开发区好来望粮食加工厂,,2015-10-09,,,脱氧雪腐镰刀菌烯醇（≤1000μg/kg）,,1500μg/kg,,不合格,国内监督抽查(江苏省食药监局),2016-05-27,
食安通,小麦、小麦粉,饺子用小麦粉（饺子粉）,,山东鲁王集团有限公司,,2015-10-09,,,脱氧雪腐镰刀菌烯醇（≤1000μg/kg）,,1960μg/kg,,不合格,国内监督抽查(山东省食药监局),2016-05-04,
食安通,小麦、小麦粉,低筋小麦粉,,深圳南海粮食工业有限公司,,2016-02-21,,,铅,,/,,不合格,国内监督抽查(深圳市食药监局),2016-06-23,
食安通,小麦、小麦粉,小麦粉,,铜山区民丰面粉厂,,2016-03-07,,,脱氧雪腐镰刀菌烯醇（≤1000μg/kg）,,1126μg/kg,,不合格,国内监督抽查(江苏省食药监局),2016-06-20,
食安通,小麦、小麦粉,金孔雀小麦粉,,徐州金孔雀面粉有限公司,,2016-03-07,,,脱氧雪腐镰刀菌烯醇（≤1000μg/kg）,,1217μg/kg,,不合格,国内监督抽查(江苏省食药监局),2016-06-20,
食安通,小麦、小麦粉,有机黑小麦粉,,内蒙古清谷新禾有机食品集团有限责任公司,,2016-01-01,,,苯并[a]芘（≤5μg/kg）,,50.2μg/kg,,不合格,国内监督抽查(食药监总局),2016-06-17,
食安通,小麦、小麦粉,小麦粉,,兰陵县昌盛粉业有限公司,,2016-01-23,,,脱氧雪腐镰刀菌烯醇（≤1000μg/kg）,,1806μg/kg,,不合格,国内监督抽查(山东省食药监局),2016-06-08,
食安通,小麦、小麦粉,小麦粉,,郯城新力面粉有限公司,,2016-01-21,,,脱氧雪腐镰刀菌烯醇（≤1000μg/kg）,,2330μg/kg,,不合格,国内监督抽查(山东省食药监局),2016-06-08,
食安通,小麦、小麦粉,五得利六星910小麦粉,,五得利集团宿迁面粉有限公司,,2015-10-20,,,脱氧雪腐镰刀菌烯醇（≤1000μg/kg）,,3000μg/kg,,不合格,国内监督抽查(江苏省食药监局),2016-07-22,
食安通,小麦、小麦粉,五得利5+1馒头王小麦粉,,五得利集团宿迁面粉有限公司,,2015-10-29,,,脱氧雪腐镰刀菌烯醇（≤1000μg/kg）,,3300μg/kg,,不合格,国内监督抽查(江苏省食药监局),2016-07-22,
食安通,小麦、小麦粉,五得利六星910小麦粉,,五得利集团宿迁面粉有限公司,,2015-10-12,,,脱氧雪腐镰刀菌烯醇（≤1000μg/kg）,,3200μg/kg,,不合格,国内监督抽查(江苏省食药监局),2016-07-22,
食安通,小麦、小麦粉,小麦粉,,被抽检单位：深圳市喜乐购超市有限公司宝岭分店,,/,,,脱氧雪腐镰刀菌烯醇,,/,,不合格,国内监督抽查(深圳市食药监局),2016-07-15,
食安通,小麦、小麦粉,特精高筋小麦粉,,五得利集团东明面粉有限公司,,2016-01-04,,,脱氧雪腐镰刀菌烯醇,,/,,不合格,国内监督抽查(深圳市食药监局),2016-07-15,
食安通,小麦、小麦粉,小麦粉,,被抽检单位：深圳市龙岗区乐昌宏百货商行,,/,,,脱氧雪腐镰刀菌烯醇,,/,,不合格,国内监督抽查(深圳市食药监局),2016-07-15,
食安通,小麦、小麦粉,原味面粉（小麦粉）,,山东鲁王集团有限公司,,2016-02-19,,,脱氧雪腐镰刀菌烯醇,,/,,不合格,国内监督抽查(深圳市食药监局),2016-07-15,
食安通,小麦、小麦粉,小麦粉,,被抽检单位：深圳市金鹏百货连锁有限公司,,2016-03-14,,,脱氧雪腐镰刀菌烯醇,,/,,不合格,国内监督抽查(深圳市食药监局),2016-07-15,
食安通,小麦、小麦粉,小麦粉,,被抽检单位：深圳市光明新区高级中学食堂,,/,,,脱氧雪腐镰刀菌烯醇,,/,,不合格,国内监督抽查(深圳市食药监局),2016-07-15,
食安通,小麦、小麦粉,小麦粉,,被抽检单位：深圳市兴昌宏投资有限公司黄田分店,,/,,,脱氧雪腐镰刀菌烯醇,,/,,不合格,国内监督抽查(深圳市食药监局),2016-07-15,
食安通,小麦、小麦粉,面粉（小麦粉）,,被抽检单位：深圳市宝安区松岗美惠多购物商场,,/,,,脱氧雪腐镰刀菌烯醇,,/,,不合格,国内监督抽查(深圳市食药监局),2016-07-15,
食安通,小麦、小麦粉,生粉（小麦淀粉）,,上海群拓食品有限公司,,2016-04-21,,,霉菌,,/,,不合格,国内监督抽查(深圳市食药监局),2016-08-22,
食安通,小麦、小麦粉,小麦粉,,京山金玉麦面有限公司,,2016-05-26,,,铝残留量（不得使用）,,46.9mg/kg,,不合格,国内监督抽查(湖北省食药监局),2016-08-18,
食安通,小麦、小麦粉,小麦粉,,鱼台县永铭粉业有限责任公司,,2016-04-27,,,脱氧雪腐镰刀菌烯醇（≤1000μg/kg）,,2052μg/kg,,不合格,国内监督抽查(山东省食药监局),2016-08-17,
食安通,小麦、小麦粉,小麦淀粉,,滕州市名厨调味食品有限公司,,2016-05-02,,,霉菌（≤100CFU/g）,,140CFU/g,,不合格,国内监督抽查(山东省食药监局),2016-08-17,
食安通,小麦、小麦粉,小麦粉馒头,,济南餐餐健食品有限公司,,2016-05-12,,,脱氢乙酸（不得检出）,,0.15g/kg,,不合格,国内监督抽查(山东省食药监局),2016-08-17,
食安通,小麦、小麦粉,自发小麦粉,,重庆市万州区彬杨粮油厂,,2016-03-30,,,脱氧雪腐镰刀菌烯醇（≤1000μg/kg）,,3500μg/kg,,不合格,国内监督抽查(重庆市食药监局),2016-08-05,
食安通,小麦、小麦粉,高筋小麦粉,,五得利集团咸阳面粉有限公司,,2016-02-17,,,脱氧雪腐镰刀菌烯醇（≤1000μg/kg）,,1380μg/kg,,不合格,国内监督抽查(甘肃省食药监局),2016-08-05,
食安通,小麦、小麦粉,小麦粉,,莱芜市庄珍宝面粉厂,,2016-05-29,,,过氧化苯甲酰（不得检出）,,0.024g/kg,,不合格,国内监督抽查(莱芜市食药监局),2016-08-04,
RASFF,生蚝,整个蛤蜊（16055600） - 预先煮熟的蛤蜊 ,双级软体动物及其产品 ,,,,2021.0334,,,,,,严肃的 ,国外预警(RASFF),21-01-2021,
RASFF,生蚝,DONAX（表带/壳蛤蜊） ,双级软体动物及其产品 ,,,,2021.1751,,,,,,严肃的 ,国外预警(RASFF),08-04-2021,
RASFF,生蚝,太平洋蛤蜊壳煮熟和冷冻/壳煮熟的冰冻太平洋蛤蜊 ,双级软体动物及其产品 ,,,,2021.4405,病原微生物 ,沙门氏菌。 ,/25g,Presence,,严肃的 ,国外预警(RASFF),18-08-2021,
RASFF,生蚝,Vongole Veraci（Ruditapes Philippine）//蛤蜊 ,双级软体动物及其产品 ,,,,2021.3872,病原微生物 ,诺洛伐不沃 ,,presence,,未定 ,国外预警(RASFF),22-07-2021,
RASFF,生蚝,腐丽的Vongola. ,双级软体动物及其产品 ,,,,2021.5053,病原微生物 ,太高的大肠杆菌计数 ,MPN/100g,2400,,严肃的 ,国外预警(RASFF),22-09-2021,
RASFF,小麦粉,小麦麸皮面粉 ,谷物和面包店产品 ,,,,2021.1631,,,,,,未定 ,国外预警(RASFF),31-03-2021,
RASFF,小麦粉,“无麸质白色荞麦面粉”扣马卡巴无麸质 ,谷物和面包店产品 ,,,,2021.4257,过敏原 ,未宣布的麸质 ,mg/kg - ppm,"80, 39,6",,严肃的 ,国外预警(RASFF),10-08-2021,
RASFF,小麦粉,紫色小麦面粉 ,谷物和面包店产品 ,,,,2021.4591,,,,,,不认真 ,国外预警(RASFF),27-08-2021,
RASFF,小麦粉,嫩小麦面粉 ,谷物和面包店产品 ,,,,2021.4227,,,,,,严肃的 ,国外预警(RASFF),09-08-2021,
食安通,陈醋,老陈醋,,鹿邑县天和生物酿造厂,,2015-08-02,,,苯甲酸（≤1.0g/kg）,,1.60g/kg,,不合格,国内监督抽查(河南省食药监局),2016-01-29,
食安通,陈醋,汾州香山西陈醋,,山西五谷丰醋业有限公司,,2015-03-25,,,环已基氨基磺酸钠（甜蜜素）（以环已基氨基磺酸计）（不得使用）,,0.023g/kg,,不合格,国内监督抽查(山西省食药监局),2016-01-25,
食安通,陈醋,秦思源陈醋,,甘肃礼县秦泉醋饮厂,,2015-08-23,,,标签,,不合格,,不合格,国内监督抽查(甘肃省食药监局),2016-01-22,
食安通,陈醋,荞麦陈醋,,庆阳元良食品有限公司,,2015-09-25,,,标签,,不合格,,不合格,国内监督抽查(甘肃省食药监局),2016-01-22,
食安通,陈醋,天池陈醋,,定西市安定区天池陈醋厂,,2015-05-13,,,标签,,不合格,,不合格,国内监督抽查(甘肃省食药监局),2016-01-22,
食安通,陈醋,秦思源陈醋,,甘肃礼县秦泉醋饮厂,,2015-09-21,,,标签,,不合格,,不合格,国内监督抽查(甘肃省食药监局),2016-01-22,
食安通,陈醋,老陈醋,,西安市思伟食品有限公司,,2015-09-23,,,甜蜜素（不得使用）,,0.15g/kg,,不合格,国内监督抽查(陕西省食药监局),2016-01-22,
食安通,陈醋,燕江陈醋,,永安市康龙食品有限公司,,2015-07-03,,,甜蜜素（不得使用）,,0.20g/kg,,不合格,国内监督抽查(福建省食药监局),2016-02-26,
食安通,陈醋,民勤县老陈醋,,民勤县吴老六食品有限责任公司,,2015-10-09,,,标签,,不合格,,不合格,国内监督抽查(甘肃省食药监局),2016-02-05,
食安通,陈醋,老陈醋,,山西清徐金华醋业有限公司,,2015-10-22,,,总酸（≥4.50g/100mL）,,3.68g/100mL,,不合格,国内监督抽查(甘肃省食药监局),2016-02-05,
食安通,陈醋,老陈醋,,山西清徐县晋洋醋业有限公司,,2015-10-31,,,不挥发酸（≥0.50）,,0.17g/100mL,,不合格,国内监督抽查(甘肃省食药监局),2016-02-05,
食安通,陈醋,来祥山西老陈醋,,山西来祥醋业有限公司,,2014-09-26,,,不挥发酸（≥0.5g/100mL）,,0.2g/100mL,,不合格,国内监督抽查(甘肃省食药监局),2016-02-05,
食安通,陈醋,陈醋,,丹阳市恒鑫酱醋厂,,2015-10-06,,,苯甲酸（≤1g/kg）,,1.3g/kg,,不合格,国内监督抽查(江苏省食药监局),2016-02-03,
食安通,陈醋,老陈醋（酿造食醋）,,山西黄河醋业有限公司,,2015-06-01,,,环已基氨基磺酸钠（甜蜜素）（以环已基氨基磺酸计）（不得使用）,,0.10g/kg,,不合格,国内监督抽查(山西省食药监局),2016-03-29,
食安通,陈醋,陈醋（配制食醋）,,贵州省天柱县渊源福利食品厂,,2015-12-31,,,标签,,不合格,,不合格,国内监督抽查(贵州省食药监局),2016-03-16,
食安通,陈醋,晋都老陈醋（酿造食醋）,,山西省清徐三和园老陈醋厂乌当分厂,,2015-12-12,,,标签,,不合格,,不合格,国内监督抽查(贵州省食药监局),2016-03-16,
食安通,陈醋,陈醋,,江门市蓬江区大平调味食品厂,,42100,,,总酸(以乙酸计),,/,,不合格,国内监督抽查(深圳市食药监局),2016-03-09,
食安通,陈醋,老陈醋,,山西清徐来祥醋业有限公司,,42275,,,总酸(以乙酸计),,/,,不合格,国内监督抽查(深圳市食药监局),2016-03-09,
食安通,陈醋,老陈醋,,四川园香园味业有限公司,,2015-10-07,,,总酸（≥4.0g/100mL）,,3.87g/100mL,,不合格,国内监督抽查(四川省食药监局),2016-03-01,
食安通,陈醋,山西陈醋,,山西老陈醋集团有限公司定州分公司,,2015-09-12/2015/09/12D,,,环己基氨基磺酸钠（甜蜜素）（不得添加）,,0.18g/kg,,不合格,国内监督抽查(河北省食药监局),2016-04-25,
食安通,陈醋,山西陈醋,,清徐县清泉湖醋业有限公司,,2015-07-07,,,总酸（以乙酸计）（≥3.50g/100mL）,,2.43g/100mL,,不合格,国内监督抽查(河南省食药监局),2016-04-13,
食安通,陈醋,晋尊老陈醋,,晋中市晋阳老醋坊有限责任公司,,2016-03-08,,,菌落总数（≤10000CFU/mL）,,16000CFU/mL,,不合格,国内监督抽查(山西省食药监局),2016-05-16,
食安通,陈醋,米陈醋（酿造食醋）,,阿克苏市天府酿造厂,,2016-03-01,,,总酸（以乙酸计）（≥4.0g/100mL）,,2.7g/100mL,,不合格,国内监督抽查(新疆食药监局),2016-05-06,
食安通,陈醋,山西老陈醋,,山西真优美醋美醋业有限公司,,2015-11-01,,,总酸(以乙酸计),,/,,不合格,国内监督抽查(深圳市食药监局),2016-05-05,
食安通,陈醋,山西陈醋,,山西清徐来祥醋业有限公司,,2015-10-07,,,总酸(以乙酸计),,/,,不合格,国内监督抽查(深圳市食药监局),2016-05-05,
食安通,陈醋,老陈醋,,山西清徐县晋昌源食品有限公司,,2015-10-07,,,总酸(以乙酸计),,/,,不合格,国内监督抽查(深圳市食药监局),2016-05-05,
食安通,陈醋,陈醋,,江门蓬江区大平调味食品厂,,2015-10-15,,,总酸(以乙酸计),,/,,不合格,国内监督抽查(深圳市食药监局),2016-05-05,
食安通,陈醋,老陈醋（酿造食醋）,,山西省大同市田源酿造有限责任公司,,2015-05-13,,,总酸（以乙酸计）（标签明示≥4.0g/100mL）,,3.71g/100mL,,不合格,国内监督抽查(山西省食药监局),2016-06-27,
食安通,陈醋,河州陈醋,,临夏县水泉清真味醋有限责任公司,,2016-04-01,,,总酸（3.5g/100ml）,,2.5g/100ml,,不合格,国内监督抽查(甘肃省食药监局),2016-06-24,
食安通,陈醋,陈醋,,深圳市龙岗区万香醋业有限公司,,2015-05-12,,,总酸(以乙酸计),,/,,不合格,国内监督抽查(深圳市食药监局),2016-06-23,
食安通,陈醋,山西老陈醋,,山西清徐来祥醋业有限公司出品,,2015-12-20,,,总酸(以乙酸计),,/,,不合格,国内监督抽查(深圳市食药监局),2016-06-23,
食安通,陈醋,山西老陈醋,,山西清徐来祥醋业有限公司出品,,2016-01-10,,,总酸(以乙酸计),,/,,不合格,国内监督抽查(深圳市食药监局),2016-06-23,
食安通,陈醋,锦川山西老陈醋,,江门蓬江区大平调味食品厂,,2016-01-13,,,总酸(以乙酸计),,/,,不合格,国内监督抽查(深圳市食药监局),2016-06-23,
食安通,陈醋,陈醋,,被抽检单位：深圳市红火餐饮管理有限公司南岭分店,,2015-12-20,,,总酸(以乙酸计),,/,,不合格,国内监督抽查(深圳市食药监局),2016-06-23,
食安通,陈醋,乔家厨师老陈醋,,清徐县奥林醋业有限公司,,2015-12-06,,,总酸,,/,,不合格,国内监督抽查(深圳市食药监局),2016-06-23,
食安通,陈醋,清源陈醋,,西安德味堂食品有限公司,,2015-09-01,,,总酸（以乙酸计）（≥3.50g/100ml）,,2.24g/100ml,,不合格,国内监督抽查(陕西省食药监局),2016-06-17,
食安通,陈醋,陈醋,,德州云翔食品有限公司,,2016-02-02,,,环已基氨基磺酸钠（甜蜜素）（不得检出）,,0.017g/kg,,不合格,国内监督抽查(德州市食药监局),2016-07-26,
食安通,陈醋,晋乡居陈醋（酿造食醋）,,永年县慈兴酿造厂,,2015-07-01,,,环己基氨基磺酸钠（甜蜜素）（不得添加）,,0.13g/kg,,不合格,国内监督抽查(河南省食药监局),2016-06-29,
食安通,陈醋,小米陈醋,,山西清徐清华醋业技术酿造.泉鑫酿造有限公司出品,,2015-07-16,,,苯甲酸（≤1.0g/kg）,,3.6g/kg,,不合格,国内监督抽查(河南省食药监局),2016-06-29,
食安通,陈醋,山西陈醋,,漯河元方酿造有限公司,,2015-09-18,,,总酸（≥3.5g/100mL）,,3.01g/100mL,,不合格,国内监督抽查(河南省食药监局),2016-06-29,
食安通,陈醋,山西陈醋,,山西清徐来祥醋业有限公司,,2016-02-28,,,总酸（以乙酸计),,/,,不合格,国内监督抽查(深圳市食药监局),2016-08-22,
食安通,陈醋,800mL老西陈醋,,山西老陈醋集团有限公司定州分公司,,2015-12-17,,,甜蜜素（不得检出）,,0.12g/kg,,不合格,国内监督抽查(北京市食药监局),2016-08-17,
食安通,陈醋,香薰陈醋,,哈尔滨睿航大豆专业合作社,,2015-12-10,,,苯甲酸（≤1g/kg）,,1.8g/kg,,不合格,国内监督抽查(黑龙江省食药监局),2016-07-29,
食安通,陈醋,利达陈醋,,黑龙江省齐市铁锋区四家子工业园区,,2016-03-04,,,总酸（≥3.5g/100mL）,,2.96g/100mL,,不合格,国内监督抽查(黑龙江省食药监局),2016-09-26,
食安通,黄豆,黄豆酱,,冠县昊源食品有限公司,,2015-07-10,,,糖精钠（不得添加）,,0.13mg/kg,,不合格,国内监督抽查(河南省食药监局),2016-01-29,
食安通,黄豆,黄豆酱油,,甘肃平凉天源酿造食品有限公司,,2015-09-17,,,标签,,不合格,,不合格,国内监督抽查(甘肃省食药监局),2016-01-22,
食安通,黄豆,黄豆老抽酱油（酿造酱油）,,岳池县灵芝春酱油醋酿造厂,,2015-05-21,,,氨基酸态氮（≥0.4g/100mL）,,0.3g/100mL,,不合格,国内监督抽查(四川省食药监局),2016-01-18,
食安通,黄豆,黄豆酱油,,哈尔滨月夕实业有限责任公司,,2015-03-05,,,氨基酸态氮（≥0.4g/100mL）,,0.037g/100mL,,不合格,国内监督抽查(黑龙江省食药监局),2016-01-11,
食安通,黄豆,黄豆酱油,,鹤岗市康维生物科技有限公司,,2015-01-09,,,苯甲酸（≤1g/kg）,,1.4g/kg,,不合格,国内监督抽查(黑龙江省食药监局),2016-01-11,
食安通,黄豆,黄豆酱油,,宁德市蕉城区闽福调味品厂,,2015-07-12,,,氨基酸态氮（≥0.40g/100ml）糖精钠（不得使用）,,0.043g/100ml、0.527g/100ml,,不合格,国内监督抽查(福建省食药监局),2016-02-26,
食安通,黄豆,黄豆酥（花生味）,,湖北江维食品有限公司,,2015-11-24,,,菌落总数（≤1500cfu/g）,,9800cfu/g,,不合格,国内监督抽查(湖北省食药监局),2016-02-18,
食安通,黄豆,黄豆酱油,,甘肃凉州益民有限责任公司,,2015-11-03,,,标签,,不合格,,不合格,国内监督抽查(甘肃省食药监局),2016-02-05,
食安通,黄豆,黄豆酱油（味菽园）酿造酱油,,黔西县胡家湾酱油厂,,2016-01-01,,,氨基酸态氮（≥0.40）,,0.16,,不合格,国内监督抽查(贵州省食药监局),2016-03-25,
食安通,黄豆,梵香园黄豆酿造酱油,,铜仁市碧江区梵香园豆制品酿造厂,,2015-09-01,,,标签,,不合格,,不合格,国内监督抽查(贵州省食药监局),2016-03-16,
食安通,黄豆,龙华黄豆酱油,,吉林龙华食品酿造有限公司,,2015-03-04,,,菌落总数（≤30000CFU/mL）,,41000CFU/mL,,不合格,国内监督抽查(吉林省食药监局),2016-03-07,
食安通,黄豆,黄豆酱油,,新泰市海洋酿造食品有限公司,,2015-07-09,,,氨基酸态氮（≥0.40g/100mL）,,0.05g/100mL,,不合格,国内监督抽查(山东省食药监局),2016-03-02,
食安通,黄豆,黄豆酱油(酿造酱油),,临淄餐中王食品有限公司,,2014-12-16,,,氨基酸态氮（≥0.40g/100mL）,,0.27g/100mL,,不合格,国内监督抽查(山东省食药监局),2016-03-02,
食安通,黄豆,黄豆酱油,,阆中张飞醋厂,,2015-09-03,,,氨基酸态氮（≥0.40g/100mL）,,0.089g/100mL,,不合格,国内监督抽查(四川省食药监局),2016-03-01,
食安通,黄豆,黄豆酱油,,绵阳游仙光荣调味品酿造厂,,2015-07-29,,,氨基酸态氮（≥0.40g/100mL）,,0.13g/100mL,,不合格,国内监督抽查(四川省食药监局),2016-03-01,
食安通,黄豆,豆芽（黄豆芽）,,太原四通集贸市场有限公司调料区18号（闻）,,2016-03-03/购进,,,6-苄基腺嘌呤（不得检出）,,0.038mg/kg,,不合格,国内监督抽查(山西省食药监局),2016-04-18,
食安通,黄豆,辣味黄豆酱（调味酱）,,东莞市寮步没味副食有限公司,,2016-01-03,,,乙酰磺胺酸钾,,/,,不合格,国内监督抽查(深圳市食药监局),2016-06-23,
食安通,黄豆,黄豆酱油,,西安豪威调味食品有限责任公司,,2015-08-04,,,氨基酸态氮（以氮计）（≥0.40g/100ml）,,0.02g/100ml,,不合格,国内监督抽查(陕西省食药监局),2016-06-17,
食安通,黄豆,黄豆酱油,,德州云翔食品有限公司,,2015-11-05,,,氨基酸态氮（≥0.40g/100ml）,,0.37g/100ml,,不合格,国内监督抽查(德州市食药监局),2016-07-26,
食安通,黄豆,黄豆酱油,,铁力市大洋食品酿造有限公司,,2015-09-01,,,氨基酸态氮（≥0.4g/100mL）,,0.06g/100mL,,不合格,国内监督抽查(黑龙江省食药监局),2016-07-18,
食安通,黄豆,黄豆酱油（烹调型）,,四川大竹县紫澜酿造厂,,2015-07-20,,,氨基酸态氮（≥0.40g/100mL）,,0.26g/100mL,,不合格,国内监督抽查(四川省食药监局),2016-07-14,
食安通,黄豆,黄豆酱油,,隆昌县石燕中心供销合作社飞燕食品厂,,2015-10-11,,,氨基酸态氮（≥0.40g/100mL）,,0.250g/100mL,,不合格,国内监督抽查(四川省食药监局),2016-07-14,
食安通,黄豆,纯黄豆酱油,,四川园香园味业有限公司,,2015-06-29,,,氨基酸态氮（≥0.40g/100mL）,,0.04g/100mL,,不合格,国内监督抽查(四川省食药监局),2016-07-14,
食安通,黄豆,黄豆酱油,,屏山永昌食品有限责任公司,,2015-06-27,,,铵盐（以占氨基酸态氮的百分比计）（不得超过氨基酸态氮含量的30%）,,0.472,,不合格,国内监督抽查(四川省食药监局),2016-07-14,
食安通,黄豆,黄豆酱油,,宜宾好运来调味品有限公司,,2015-08-18,,,氨基酸态氮（≥0.40g/100mL）,,0.01g/100mL,,不合格,国内监督抽查(四川省食药监局),2016-07-14,
食安通,黄豆,黄豆芽,,北城子坡市场,,2016-05-10,,,6-苄基腺嘌呤（不得检出）,,0.03mg/kg,,不合格,国内监督抽查(莱芜市食药监局),2016-07-05,
食安通,黄豆,鲜汁黄豆酱油,,孟州市牛王山醋业有限公司,,2015-08-16,,,氨基酸态氮（≥0.40g/100mL）,,0.027g/100mL,,不合格,国内监督抽查(河南省食药监局),2016-06-29,
食安通,黄豆,黄豆酱油（酿造酱油）,,黑龙江宝泉岭农垦永香酱油厂,,2016-03-25,,,氨基酸态氮（≥0.4g/100mL）,,0.21g/100mL,,不合格,国内监督抽查(黑龙江省食药监局),2016-08-19,
食安通,黄豆,黄豆酱油,,哈尔滨市正彤调味品有限公司,,2016-01-02,,,氨基酸态氮（≥0.4g/100mL）,,0.12g/100mL,,不合格,国内监督抽查(黑龙江省食药监局),2016-08-19,
食安通,黄豆,黄豆酱汁,,淄博齐奥食品有限公司,,2016-04-18,,,乙酰磺胺酸钾（安赛蜜）（≤0.5g/kg）,,0.95g/kg,,不合格,国内监督抽查(山东省食药监局),2016-08-17,
食安通,黄豆,黄豆酱,,淄博齐婆婆食品有限公司,,2016-03-16,,,苯甲酸（≤1.0g/kg）,,2.1g/kg,,不合格,国内监督抽查(山东省食药监局),2016-08-17,
食安通,黄豆,黄豆芽,,桑树园蔬菜市场（侯）,,2016-05-18,,,6-苄基腺嘌呤（不得检出）,,0.037mg/kg,,不合格,国内监督抽查(聊城市食药监局),2016-08-05,
食安通,黄豆,黄豆芽（黄豆瓣）,,冠县农贸市场（沙壮）,,2016-05-18,,,6-苄基腺嘌呤（不得检出）,,0.026mg/kg,,不合格,国内监督抽查(聊城市食药监局),2016-08-05,
食安通,黄豆,黄豆芽,,桑树园蔬菜市场（侯）,,2016-05-18,,,6-苄基腺嘌呤（不得检出）,,0.037mg/kg,,不合格,国内监督抽查(聊城市食药监局),2016-07-29,
食安通,黄豆,黄豆芽（黄豆瓣）,,冠县农贸市场（沙壮）,,2016-05-18,,,6-苄基腺嘌呤（不得检出）,,0.026mg/kg,,不合格,国内监督抽查(聊城市食药监局),2016-07-29,
食安通,黄豆,黄豆酱油,,抚顺东霞调味品有限责任公司,,2015-07-25,,,氨基酸态氮（以氮计）（≥0.40g/100mL）,,0.36g/100mL,,不合格,国内监督抽查(辽宁省食药监局),2016-09-12,
食安通,黄豆,黄豆酱油（酿造酱油）,,青铜峡市银苏食品酿造有限公司,,2016-01-08,,,氨基酸态氮（≥0.4g/100mL）,,0.19g/100mL,,不合格,国内监督抽查(宁夏食药监局),2016-09-10,
食安通,黄豆,黄豆酱油（酿造酱油）,,青铜峡市银苏食品酿造有限公司,,2015-12-08,,,氨基酸态氮（≥0.4g/100mL）,,0.09g/100mL,,不合格,国内监督抽查(宁夏食药监局),2016-09-10,
食安通,黄豆,黄豆酱油,,长春市乐福酿造厂,,2016-02-01,,,氨基酸态氮（≥0.40g/100mL）,,0.12g/100mL,,不合格,国内监督抽查(吉林省食药监局),2016-09-05,
食安通,黄豆,黄豆酱油,,林州市食品厂有限公司,,2015-11-13,,,菌落总数（≤30000CFU/mL）,,75000CFU/mL,,不合格,国内监督抽查(河南省食药监局),2016-10-26,
食安通,黄豆,原汁黄豆酱油,,齐齐哈尔农垦正弘徳食品有限公司,,2015-09-06,,,氨基酸态氮（≥0.4g/100mL）,,0g/100mL,,不合格,国内监督抽查(黑龙江省食药监局),2016-10-12,
食安通,淀粉,淀粉（马铃薯淀粉）,,讷河市家良淀粉食品有限公司,,2015-06-02,,,霉菌和酵母菌计数（限马铃薯淀粉）（≤1000CFU/g）,,1500CFU/g,,不合格,国内监督抽查(黑龙江省食药监局),2016-01-22,
食安通,淀粉,QQ粉(湿粉条)(淀粉制品),,郑州仪和顺食品有限公司,,2015-07-18,,,铝的残留量（以干基计）（≤200mg/kg）,,326mg/kg,,不合格,国内监督抽查(河南省食药监局),2016-01-20,
食安通,淀粉,纯红薯粉条（淀粉制品）,,辉县市鑫隆薯业种植专业合作社,,2014-10-14,,,铝的残留量（以干基计）（≤200mg/kg）,,284mg/kg,,不合格,国内监督抽查(河南省食药监局),2016-01-20,
食安通,淀粉,嫩肉淀粉,,贵州兴河食品有限公司,,2015-10-02,,,标签,,营养成分表中“钠”，“碳水化合物”未按GB28050要求进行修约,,不合格,国内监督抽查(贵州省食药监局),2016-01-20,
食安通,淀粉,玉米淀粉,,廊坊市盛世佳宝食品有限公司,,2015-09-11,,,二氧化硫（以二氧化硫残留量计）（≤0.03g/kg）,,0.079g/kg,,不合格,国内监督抽查(河北省食药监局),2016-02-29,
食安通,淀粉,红薯粉条（淀粉制品）,,古田县伟昌工贸有限公司,,2014-08-23,,,铝的残留量（不得使用）,,55mg/kg,,不合格,国内监督抽查(福建省食药监局),2016-02-26,
食安通,淀粉,东北高粘淀粉（玉米淀粉）,,吉林省杞参食品有限公司,,2015-10-05,,,大肠菌群（＜70MPN/g）,,＞24000MPN/g,,不合格,国内监督抽查(广西食药监局),2016-02-16,
食安通,淀粉,马铃薯淀粉（土豆生粉）,,广州明誉食品发展有限公司,,2015-09-16,,,酵母和霉菌计数（＜1000CFU/g）,,2000CFU/g,,不合格,国内监督抽查(广西食药监局),2016-02-16,
食安通,淀粉,玉米淀粉,,盐城蜜园食品有限公司分装,,2015-10-07,,,霉菌（≤100CFU/g）,,200CFU/g,,不合格,国内监督抽查(江苏省食药监局),2016-02-03,
食安通,淀粉,小麦淀粉,,南京甘汁园糖业有限公司,,2015-10-17,,,大肠菌群（≤70MPN/100g）,,930MPN/100g,,不合格,国内监督抽查(江苏省食药监局),2016-02-03,
食安通,淀粉,淀粉,,孟文海淀粉加工坊,,2015-06-01,,,"白度,457nm蓝光反射率（≥88.0%）",,80.00%,,不合格,国内监督抽查(重庆市食药监局),2016-02-01,
食安通,淀粉,马铃薯淀粉,,宁夏西海固国联马铃薯产业有限公司,,/,,,大肠菌群（≤70MPN/100g）,,150MPN/100g,,不合格,国内监督抽查(宁夏食药监局),2016-03-10,
食安通,淀粉,马铃薯淀粉,,宁夏西海固国联马铃薯产业有限公司,,/,,,大肠菌群（≤70MPN/100g）,,4600MPN/100g,,不合格,国内监督抽查(宁夏食药监局),2016-03-10,
食安通,淀粉,马铃薯淀粉,,固原三鼎马铃薯制品有限公司,,/,,,大肠菌群（≤70MPN/100g）,,230MPN/100g,,不合格,国内监督抽查(宁夏食药监局),2016-03-10,
食安通,淀粉,马铃薯淀粉,,固原隆鑫淀粉有限责任公司,,/,,,菌落总数（≤10000CFU/g）,,180000CFU/g,,不合格,国内监督抽查(宁夏食药监局),2016-03-10,
食安通,淀粉,马铃薯淀粉,,固原隆鑫淀粉有限责任公司,,/,,,菌落总数（≤10000CFU/g）,,83000CFU/g,,不合格,国内监督抽查(宁夏食药监局),2016-03-10,
食安通,淀粉,红薯淀粉,,东莞市出奇食品有限公司,,2015-01-30,,,二氧化硫残留量,,/,,不合格,国内监督抽查(深圳市食药监局),2016-03-09,
食安通,淀粉,小麦淀粉,,上海裕田农业科技有限公司,,2015-10-29,,,大肠菌群（≤70MPN/100g）,,430MPN/100g,,不合格,国内监督抽查(江苏省食药监局),2016-03-02,
食安通,淀粉,马铃薯淀粉,,安徽省来氏大地食品有限公司,,2015-06-25,,,标签（应符合GB7718-2011之要求）,,未标注该产品配料表,,不合格,国内监督抽查(安徽省食药监局),2016-03-02,
食安通,淀粉,红薯淀粉,,安徽省良心食品有限公司,,2015-07-21,,,灰分（≤0.5%）,,0.8%,,不合格,国内监督抽查(安徽省食药监局),2016-03-02,
食安通,淀粉,香辣肉卷/肉淀粉肠,,银川吉祥红食品有限公司,,2016-02-23,,,菌落总数（≤50000cfu/g）,,610000cfu/g,,不合格,国内监督抽查(宁夏食药监局),2016-04-27,
食安通,淀粉,马铃薯淀粉,,宁波市鄞州富之华食品有限公司,,2015-10-18,,,大肠菌群（≤70MPN/100g）,,930MPN/100g,,不合格,国内监督抽查(浙江省食药监局),2016-04-26,
食安通,淀粉,食用玉米淀粉,,长春大成生物科技开发有限公司,,2016-01-08,,,霉菌计数,,/,,不合格,国内监督抽查(深圳市食药监局),2016-05-18,
食安通,淀粉,玉米淀粉,,南昌市老友食品厂,,2016-03-02,,,霉菌计数,,/,,不合格,国内监督抽查(深圳市食药监局),2016-05-18,
食安通,淀粉,淀粉餐具,,被抽检单位：深圳市潭海实业有限公司潭海酒店,,/,,,"蒸发残渣4％乙酸,60℃,2h",,/,,不合格,国内监督抽查(深圳市食药监局),2016-05-05,
食安通,淀粉,玉米淀粉,,徐州市绿然食品有限公司（分装）,,2016-02-28,,,二氧化硫残留量（≤0.03g/kg）,,0.07g/kg,,不合格,国内监督抽查(江苏省食药监局),2016-06-24,
食安通,淀粉,香叶肠（淀粉肠）,,昌黎县文英食品有限公司,,2016-03-06,,,亚硝酸盐(以NaNO2计),,/,,不合格,国内监督抽查(秦皇岛市食药监局),2016-06-17,
食安通,淀粉,马铃薯淀粉,,临县祥和淀粉有限公司,,2016-04-02,,,大肠菌群（≤70MPN/100g）,,11000MPN/100g,,不合格,国内监督抽查(山西省食药监局),2016-06-06,
食安通,淀粉,飞车牌精制生粉（马铃薯淀粉）,,明水县瑞兴淀粉厂,,2016-02-18,,,霉菌和酵母菌数（≤1000CFU/g）,,2800CFU/g,,不合格,国内监督抽查(黑龙江省食药监局),2016-07-18,
食安通,淀粉,洁新牌精制生粉（马铃薯淀粉）,,兰西县榆林镇林城村洁新淀粉厂,,2015-10-07,,,霉菌和酵母菌数（≤1000CFU/g）,,1400CFU/g,,不合格,国内监督抽查(黑龙江省食药监局),2016-07-04,
食安通,淀粉,玉米淀粉,,上海裕田农业科技有限公司,,2016-04-24,,,霉菌（≤100cfu/g）,,130cfu/g,,不合格,国内监督抽查(上海市食药监局),2016-08-24,
食安通,淀粉,速溶生粉（食用玉米淀粉）,,上海融氏企业有限公司,,2016-04-15,,,霉菌（≤100cfu/g）,,150cfu/g,,不合格,国内监督抽查(上海市食药监局),2016-08-24,
食安通,淀粉,理想牌粟粉（玉米淀粉）,,东莞市日隆食品有限公司,,2016-01-02,,,霉菌计数,,/,,不合格,国内监督抽查(深圳市食药监局),2016-08-22,
食安通,淀粉,生粉（小麦淀粉）,,上海群拓食品有限公司,,2016-04-21,,,霉菌,,/,,不合格,国内监督抽查(深圳市食药监局),2016-08-22,
食安通,淀粉,云晶牌马铃薯淀粉,,黑龙江省依安县兴安岭薯业有限公司,,2015-04-10,,,霉菌和酵母菌数（≤1000CFU/g）,,3000CFU/g,,不合格,国内监督抽查(黑龙江省食药监局),2016-08-19,
食安通,淀粉,小麦淀粉,,滕州市名厨调味食品有限公司,,2016-05-02,,,霉菌（≤100CFU/g）,,140CFU/g,,不合格,国内监督抽查(山东省食药监局),2016-08-17,
食安通,淀粉,食用玉米淀粉（分装）,,青州市正宜调味食品有限公司,,2016-04-21,,,霉菌（≤100CFU/g）,,170CFU/g,,不合格,国内监督抽查(山东省食药监局),2016-08-17,
食安通,淀粉,玉米淀粉（分装）,,山东天和园食品有限公司,,2016-04-20,,,霉菌（≤100CFU/g）,,110CFU/g,,不合格,国内监督抽查(山东省食药监局),2016-08-17,
食安通,淀粉,粉妞豌豆淀粉,,青铜峡市顺宝清真食品有限公司,,2016-05-10,,,二氧化硫残留量（≤0.03g/kg）,,0.0794g/kg,,不合格,国内监督抽查(宁夏食药监局),2016-08-04,
食安通,淀粉,淀粉（分装）,,平顶山市全香棵食品有限公司,,2015-09-26,,,霉菌,,/,,不合格,国内监督抽查(深圳市食药监局),2016-09-22,
食安通,淀粉,铁石玉米淀粉,,铁岭欣绿康食品有限公司,,2016-03-23,,,霉菌（≤100CFU/g）,,210CFU/g,,不合格,国内监督抽查(辽宁省食药监局),2016-09-12,
食安通,淀粉,午餐三文治(淀粉肠),,沈阳吉顺达食品制造有限公司,,2016-06-13,,,菌落总数（≤50000CFU/g）,,150000CFU/g,,不合格,国内监督抽查(辽宁省食药监局),2016-10-24,
食安通,大豆,大豆油,,河南马氏粮油有限公司,,2014-11-04,,,酸值（≤0.20mg/g）,,0.74mg/g,,不合格,国内监督抽查(河南省食药监局),2016-01-29,
食安通,大豆,压榨熟大豆油,,黑龙江省九华粮油有限公司,,2015-04-25,,,溶剂残留量（不得检出）,,32mg/kg,,不合格,国内监督抽查(黑龙江省食药监局),2016-01-25,
食安通,大豆,古法笨榨大豆油,,吉林省中吉食品集团有限公司,,2015-06-15,,,酸值/酸价(以KOH计)（≤1.0mg/g）,,1.3mg/g,,不合格,国内监督抽查(辽宁省食药监局),2016-01-25,
食安通,大豆,大豆油,,太仓市福麟食品有限公司,,2015-10-23,,,脂肪酸组成,,不合格,,不合格,国内监督抽查(上海市食药监局),2016-01-20,
食安通,大豆,思古笨榨熟大豆油（压榨）,,黑龙江省九华粮油有限公司,,2014-11-24,,,酸值（KOH）（≤1.0mg/g）,,1.21mg/g,,不合格,国内监督抽查(吉林省食药监局),2016-01-11,
食安通,大豆,大豆油（压榨),,长春市嘉冠油脂加工厂,,2015-09-22,,,溶剂残留量（不得检出）,,16.95mg/kg,,不合格,国内监督抽查(吉林省食药监局),2016-01-11,
食安通,大豆,大豆油,,吉林省吉德食品有限公司,,2015-09-03,,,溶剂残留量（不得检出）,,29.26mg/kg,,不合格,国内监督抽查(吉林省食药监局),2016-01-11,
食安通,大豆,大豆油,,吉林省金香源粮油有限公司,,2015-10-20,,,溶剂残留量（不得检出）,,17.20mg/kg,,不合格,国内监督抽查(吉林省食药监局),2016-01-11,
食安通,大豆,压榨一级大豆油,,奎屯远征油脂有限公司,,2015-10-21,,,标签,,字符高度不符合标准要求：5mm,,不合格,国内监督抽查(新疆食药监局),2016-02-01,
食安通,大豆,有机大豆油,,"委托方：北大荒营销股份有限公司
受委托方：黑龙江省九三农垦金豆有机油脂有限责任公司",,2015-10-02,,,苯并[a]芘（≤10μg/kg）,,15.9 μg/kg,,不合格,国内监督抽查(食药监总局),2016-03-29,
食安通,大豆,大豆油,,被抽检单位：金乡县金乡街道四叶草米线馆,,2015-08-21,,,酸值（≤0.20mg/g）,,2.7mg/g,,不合格,国内监督抽查(山东省食药监局),2016-03-23,
食安通,大豆,大豆油,,被抽检单位：金乡县金乡街道兄弟俩土豆粉店,,2015-08-10,,,酸值（≤0.20mg/g）,,3.2mg/g,,不合格,国内监督抽查(山东省食药监局),2016-03-23,
食安通,大豆,一级大豆油,,贵州省湄潭县永隆粮油有限责任公司,,2016-01-05,,,标签,,不合格,,不合格,国内监督抽查(贵州省食药监局),2016-03-16,
食安通,大豆,金全兴大豆油,,安庆市老渔村粮油有限责任公司,,2015-05-09,,,标签（应符合GB7718-2011之要求）,,标签标注执行标准与产品不相符,,不合格,国内监督抽查(安徽省食药监局),2016-03-09,
食安通,大豆,大豆油,,江苏金洲粮油食品有限公司,,2015-01-26,,,酸值（KOH）（≤0.20mg/g）,,0.24mg/g,,不合格,国内监督抽查(江苏省食药监局),2016-03-09,
食安通,大豆,纯大豆酱,,东丰县牟德海大酱厂,,2015-05-29,,,安赛蜜（≤0.5g/kg）,,0.97g/kg,,不合格,国内监督抽查(吉林省食药监局),2016-03-07,
食安通,大豆,鸿渤冷鲜笨榨大豆油,,榆树市鸿渤植物油加工厂,,2015-04-20,,,酸值（≤1.0mg/g）,,2.1mg/g,,不合格,国内监督抽查(吉林省食药监局),2016-03-07,
食安通,大豆,惠普生牌大豆磷脂软胶囊,,南宁富来欣生物科技有限公司,,DL04148,,,磷脂酰胆碱（≥14.4g/100g）,,9.9g/100g,,不合格,国内监督抽查(贵州省食药监局),2016-03-07,
食安通,大豆,百合康牌大豆卵磷脂软胶囊,,荣成百合生物技术有限公司,,541268408,,,磷脂酰胆碱（≥20g/100g）,,12g/100g,,不合格,国内监督抽查(北京市食药监局),2016-04-26,
食安通,大豆,大豆油,,日照万东粮油有限公司,,2016-03-14,,,邻苯二甲酸二丁酯（DBP)（≤0.3mg/kg）,,4.1mg/kg,,不合格,国内监督抽查(日照市食药监局),2016-05-27,
食安通,大豆,御豆坊（一级大豆油）,,沧州市万福食用油脂有限公司,,2015-09-13,,,酸值（KOH）（≤0.20mg/g）,,0.28mg/g,,不合格,国内监督抽查(河北省食药监局),2016-05-16,
食安通,大豆,非转基因大豆油,,黑龙江省建三江农垦荣氏粮油工贸有限公司,,2015-04-16,,,过氧化值（≤5.0mmol/kg）,,7.20mmol/kg,,不合格,国内监督抽查(黑龙江省食药监局),2016-05-09,
食安通,大豆,非转基因大豆油,,黑龙江省建三江农垦荣氏粮油工贸有限公司,,2015-04-16,,,过氧化值（≤5.0mmol/kg）,,7.20mmol/kg,,不合格,国内监督抽查(黑龙江省食药监局),2016-05-09,
食安通,大豆,精品大豆油,,黑龙江四合大豆食品加工有限责任公司,,2015-08-28,,,过氧化值（≤6.0mmol/kg）,,8.3mmol/kg,,不合格,国内监督抽查(黑龙江省食药监局),2016-06-27,
食安通,大豆,大豆油,,哈尔滨市道里区鑫兴豆油加工厂,,2016-03-20,,,过氧化值（≤6mmol/kg）,,9.2mmol/kg,,不合格,国内监督抽查(黑龙江省食药监局),2016-06-13,
食安通,大豆,纯笨榨大豆油,,肇东市昌五镇立东制油厂,,2016-03-10,,,酸值/酸价(KOH)（≤1mg/g）,,1.5mg/g,,不合格,国内监督抽查(黑龙江省食药监局),2016-07-18,
食安通,大豆,大豆油（分装）,,淄川区商家百征快餐店,,2015-07-25,,,过氧化值（≤5.0mmol/kg）,,9.4mmol/kg,,不合格,国内监督抽查(淄博市食药监局),2016-07-10,
食安通,大豆,冰糖葫芦大豆（膨化食品）,,雕县金汇源食品厂,,2015-05-16,,,山梨酸（不得使用）,,0.50g/kg,,不合格,国内监督抽查(四川省食药监局),2016-06-30,
食安通,大豆,巨无霸汉堡（大豆膨化食品）,,成都市豁达食品厂,,2015-07-22,,,苯甲酸（不得使用）,,0.87g/kg,,不合格,国内监督抽查(四川省食药监局),2016-06-30,
食安通,大豆,大豆油,,被抽检单位：莱芜市雪野兴隆圣水山庄,,2016-06-23,,,过氧化值（≤6.0mmol/kg）,,8.5mmol/kg,,不合格,国内监督抽查(莱芜市食药监局),2016-08-02,
食安通,大豆,蒙佳非转基因三级大豆油,,内蒙古蒙佳粮油工业集团有限公司,,2015-10-26,,,溶剂残留量（≤50mg/kg）,,668mg/kg,,不合格,国内监督抽查(内蒙古食药监局),2016-09-25,
食安通,大豆,恭喜一级大豆油,,海宁市华欣油脂有限责任公司,,2016-05-20,,,酸值（≤0.20mg/g）,,0.38mg/g,,不合格,国内监督抽查(浙江省食药监局),2016-09-21,
食安通,大豆,大豆酱油,,呼玛三卡老徐头酱菜厂,,2016-04-01,,,氨基酸态氮（≥0.55g/100mL）,,0.22g/100mL,,不合格,国内监督抽查(黑龙江省食药监局),2016-09-05,
食安通,大豆,大豆蛋白制品（烧烤味）,,重庆涞鸿食品有限公司,,2016-05-01,,,同功能食品添加剂混合使用时各自用量占其最大使用量比例之和（≤1）,,1.2,,不合格,国内监督抽查(重庆市食药监局),2016-10-17,
食安通,大豆,大豆油（笨榨）,,长春市绿野油脂有限公司,,2016-06-06,,,过氧化值（≤6.0mmol/kg）,,10.7mmol/kg,,不合格,国内监督抽查(吉林省食药监局),2016-10-17,
食安通,大豆,大豆油（笨榨）,,长春市绿野油脂有限公司,,2016-06-03,,,过氧化值（≤6.0mmol/kg）,,10.5mmol/kg,,不合格,国内监督抽查(吉林省食药监局),2016-10-17,
食安通,大豆,金典牛肉串（大豆制品）,,潮州市潮安区铭泰食品有限公司,,2016-02-26,,,山梨酸（≤1.0g/kg）,,1.32g/kg,,不合格,国内监督抽查(广东省食药监局),2016-09-29,
食安通,大豆,腊肠（猪肉大豆蛋白肠）,,中山市黄圃镇今荣肉类制品厂,,2016-06-10；20160610,,,过氧化值（0.50g/100g（以脂肪计））,,0.57g/100g（以脂肪计）,,不合格,国内监督抽查(福建省食药监局),2016-11-22,
食安通,大豆,腊肠（猪肉大豆蛋白肠）,,中山市黄圃镇今荣肉类制品厂,,2016-06-01；20160601,,,过氧化值（0.50g/100g（以脂肪计））,,0.86g/100g（以脂肪计）,,不合格,国内监督抽查(福建省食药监局),2016-11-22,
食安通,大豆,康富丽牌大豆磷脂软胶囊,,委托方：广州市美笛尔生物科技有限公司；生产企业：武汉倍斯康生物科技有限公司,,15012501,,,汞（≤0.3mg/kg）,,0.475mg/kg,,不合格,国内监督抽查(山东省食药监局),2016-11-09,
食安通,小麦、小麦粉,小麦粉,,宿迁市豫兴面业有限公司,,2016-04-07,,,过氧化苯甲酰（不得检出）,,0.02mg/kg,,不合格,国内监督抽查(江苏省食药监局),2016-10-26,
食安通,小麦、小麦粉,通用小麦粉,,台安县博康达面粉厂,,2016-08-23,,,铝的残留量（以干基计）（不得检出）,,88.8mg/kg,,不合格,国内监督抽查(辽宁省食药监局),2016-11-21,
食安通,小麦、小麦粉,莲花食用小麦淀粉,,项城市菱花面粉有限公司,,2016-03-25,,,霉菌（≤100CFU/g）,,230CFU/g,,不合格,国内监督抽查(甘肃省食药监局),2016-11-18,
食安通,小麦、小麦粉,麦芯粉（小麦粉）,,山东信中食品有限公司,,2016-01-13,,,脱氧雪腐镰刀菌烯醇（≤1000μg/kg）,,1.7×1000μg/kg,,不合格,国内监督抽查(山东省食药监局),2016-11-16,
食安通,小麦、小麦粉,食用小麦淀粉（分装）,,平湖市林埭镇广欣食品厂,,2016-08-12,,,霉菌（≤100CFU/g）,,380CFU/g,,不合格,国内监督抽查(浙江省食药监局),2016-12-21,
食安通,小麦、小麦粉,六姐妹煎饼（小麦）,,蒙阴蒙山绿色食品有限公司,,2016-09-18,,,菌落总数（≤1500CFU/g）,,1.2×100000CFU/g,,不合格,国内监督抽查(山东省食药监局),2016-12-21,
食安通,小麦、小麦粉,雪逸牌澄面（小麦淀粉）,,太原森泰食品有限公司晋中分公司,,2016-08-03,,,霉菌（≤100CFU/g）,,230CFU/g,,不合格,国内监督抽查(食药监总局),2016-12-20,
食安通,小麦、小麦粉,小麦淀粉,,监制商：福建塞翁福食品股份有限公司分装商：上海塞翁福农业发展有限公司,,2016-08-01,,,霉菌（≤100CFU/g）,,290CFU/g,,不合格,国内监督抽查(食药监总局),2016-12-20,
食安通,小麦、小麦粉,小麦粉,,新泰市恒立达面粉厂,,2016-04-25,,,过氧化苯甲酰（不得检出）,,7.5mg/kg,,不合格,国内监督抽查(山东省食药监局),2016-12-14,
食安通,小麦、小麦粉,小麦粉,,新泰市楼德镇鸿谊面粉厂,,2016-06-07,,,过氧化苯甲酰（不得检出）,,0.04mg/kg,,不合格,国内监督抽查(山东省食药监局),2016-12-14,
食安通,小麦、小麦粉,小麦粉,,聊城五健面业有限公司,,2016-06-23,,,过氧化苯甲酰（不得检出）,,7.6mg/kg,,不合格,国内监督抽查(山东省食药监局),2016-12-14,
食安通,小麦、小麦粉,小麦粉,,聊城冠县富生金面粉加工厂,,2016-06-26,,,过氧化苯甲酰（不得检出）,,7.4mg/kg,,不合格,国内监督抽查(山东省食药监局),2016-12-14,
食安通,小麦、小麦粉,小麦淀粉,,鄄城县明珠淀粉厂,,2016-05-26,,,霉菌（≤100CFU/g）,,730CFU/g,,不合格,国内监督抽查(山东省食药监局),2017-01-24,
食安通,黄豆,黄豆酱油,,兰西县鑫晟源调味品有限公司,,2016-04-26,,,氨基酸态氮（≥0.4g/100mL）,,0.05g/100mL,,不合格,国内监督抽查(黑龙江省食药监局),2016-10-12,
食安通,黄豆,黄豆脆锅巴（麻辣味）,,廊坊市澳华食品有限公司,,2016-07-09,,,菌落总数（n=5，c=2，m=10000，M=100000）,,190000，180000，210000，210000，220000cfu/g,,不合格,国内监督抽查(河北省食药监局),2016-09-27,
食安通,黄豆,姜黄豆腐,,宣威市兴翔食品有限公司,,2016-06-15,,,大肠菌群（n=5;c=2;m=100;M=1000(CFU/g)）,,n1:34000；n2:44000；n3:47000；n4:61000；n5:64000（CFU/g）,,不合格,国内监督抽查(云南省食药监局),2016-11-24,
食安通,黄豆,黄豆酱油,,河南顿顿美调味食品有限公司,,2015-08-02,,,氨基酸态氮（以氮计）（≥0.40g/100mL）,,0.040g/100mL,,不合格,国内监督抽查(山东省食药监局),2016-11-16,
食安通,黄豆,黄豆酱油,,同江市生源酱菜厂,,2016-05-02,,,氨基酸态氮（≥0.4g/100mL）,,0.09g/100mL,,不合格,国内监督抽查(黑龙江省食药监局),2016-11-14,
食安通,黄豆,黄豆酱油（酿造酱油）,,塔城市孟裕酱园厂,,2016-06-02,,,氨基酸态氮（≥0.40g/100ml）,,0.005g/100ml,,不合格,国内监督抽查(新疆食药监局),2016-11-11,
食安通,黄豆,黄豆酱油,,北京石桥酱品厂,,2016-03-07,,,氨基酸态氮（以氮计）（≥0.40g/100mL）,,0.080g/100mL,,不合格,国内监督抽查(北京市食药监局),2016-11-01,
食安通,黄豆,黄豆酱汁,,凌源市鸿凌调味品厂,,2016-07-08,,,苯甲酸（≤1.0g/kg）,,1.87g/kg,,不合格,国内监督抽查(辽宁省食药监局),2016-10-31,
食安通,黄豆,京咕黄豆酱油,,开原新佳郁调味品厂,,2016-06-12,,,菌落总数（≤30000CFU/ml）,,58000CFU/ml,,不合格,国内监督抽查(辽宁省食药监局),2016-10-31,
食安通,黄豆,黄豆酱油,,贵州泰鑫源食品有限公司,,2016-04-22,,,氨基酸态氮（≥0.40g/103mL）,,0.022g/100mL,,不合格,国内监督抽查(贵州省食药监局),2016-12-20,
食安通,黄豆,李铁拐黄豆酱油,,黔西南州振兴调味品有限公司,,2016-10-02,,,氨基酸态氮（≥0.40g/102mL）,,0.0085g/100mL,,不合格,国内监督抽查(贵州省食药监局),2016-12-20,
食安通,黄豆,尚锦宴黄豆酱油,,筠连县大众酿造厂,,2016-10-02,,,氨基酸态氮（≥0.40g/101mL）,,0.020g/100mL,,不合格,国内监督抽查(贵州省食药监局),2016-12-20,
食安通,黄豆,黄豆酱油,,贵州兴河食品有限公司,,2016-09-05,,,氨基酸态氮（0.4）,,0.021,,不合格,国内监督抽查(贵州省食药监局),2016-12-14,
食安通,黄豆,黄豆酱油,,贵州兴河食品有限公司,,2016-08-03,,,氨基酸态氮（0.40）,,0.022,,不合格,国内监督抽查(贵州省食药监局),2016-12-14,
食安通,黄豆,黄豆酱汁,,淄博齐奥食品有限公司,,2016-04-18,,,乙酰磺胺酸钾（安赛蜜）（≤0.5g/kg）,,0.95g/kg,,不合格,国内监督抽查(山东省食药监局),2016-12-14,
食安通,黄豆,同乡居黄豆酱油,,通辽市同乡居副食品有限公司,,2016-05-15,,,氨基酸态氮(以氮计)（≥0.40g/100mL）,,0.11g/100mL,,不合格,国内监督抽查(内蒙古食药监局),2016-12-09,
食安通,黄豆,黄豆幼芽,,儋州那大钟瑞丽豆芽加工点,,2016-03-25,,,6-苄基腺嘌呤（6-BA）（不得检出）,,0.06mg/kg,,不合格,国内监督抽查(海南省食药监局),2016-12-08,
食安通,黄豆,黄豆芽,,儋州光村李开明豆芽加工厂,,2016-03-25,,,6-苄基腺嘌呤（6-BA）（不得检出）,,0.07mg/kg,,不合格,国内监督抽查(海南省食药监局),2016-12-08,
食安通,黄豆,黄豆芽,,儋州那大李英群豆芽加工厂,,2016-03-24,,,6-苄基腺嘌呤（6-BA）（不得检出）,,0.2mg/kg,,不合格,国内监督抽查(海南省食药监局),2016-12-08,
食安通,黄豆,黄豆酱油,,宁夏华兴盛醋业有限公司,,2016-06-06,,,氨基酸态氮（≥0.40g/100mL）,,0.07g/100ml,,不合格,国内监督抽查(宁夏食药监局),2016-12-07,
食安通,黄豆,黄豆酱油,,哈尔滨百花食品酿造有限公司（原哈尔滨食品酿造一厂）,,2015-09-27,,,氨基酸态氮（≥0.4g/100mL）,,0.12g/100mL,,不合格,国内监督抽查(黑龙江省食药监局),2016-12-05,
食安通,黄豆,华东黄豆酱油,,黑龙江省齐齐哈尔市华东调味品厂,,2016-07-21,,,氨基酸态氮（≤0.4g/100mL）,,0g/100mL,,不合格,国内监督抽查(黑龙江省食药监局),2016-12-05,
食安通,黄豆,黄豆酱汁（酿造酱油）,,淄博钰晨食品有限公司,,2016-11-20,,,氨基酸态氮(以氮计)（≥0.40g/100mL）,,0.15g/100mL,,不合格,国内监督抽查(山东省食药监局),2017-01-24,
食安通,黄豆,黄豆酱油(酿造酱油),,和硕县鸿沣酱油醋酿造厂,,2016—05—03,,,氨基酸态氮（≥0.40g/100ml）,,0.02g/100ml,,不合格,国内监督抽查(新疆食药监局),2017-01-24,
食安通,黄豆,黄豆酱油,,黔西南州振兴调味品有限公司,,2016-10-15,,,氨基酸态氮（≥0.40g/100mL）,,0.011g/100mL,,不合格,国内监督抽查(贵州省食药监局),2017-01-19,
食安通,黄豆,黄豆酱油,,贵阳酱香园食品有限公司,,2016-08-07,,,氨基酸态氮（≥0.40g/100mL）,,0.011g/100mL,,不合格,国内监督抽查(贵州省食药监局),2017-01-19,
食安通,黄豆,黄豆酥,,公安县安安食品厂,,2016-11-19,,,铝的残留量（≤100mg/kg）,,187mg/kg,,不合格,国内监督抽查(湖北省食药监局),2017-01-19,
食安通,黄豆,小黄豆,,南宁福山海商贸有限公司,,2015-12-21,,,镉（≤0.2mg/kg）,,0.26mg/kg,,不合格,国内监督抽查(广西食药监局),2017-01-04,
食安通,黄豆,北京黄豆原汁油,,被抽检单位：北京苏月云商店,,2016-09-08,,,乙酰磺胺酸钾（≤0.5g/kg）,,0.69g/kg,,不合格,国内监督抽查(北京市食药监局),2016-12-30,
食安通,黄豆,黄豆酱油（配制酱油）,,宁夏华兴盛醋业有限公司,,2016-08-24,,,氨基酸态氮（≥0.4g/100mL）,,0.06g/100mL,,不合格,国内监督抽查(宁夏食药监局),2016-12-29,
食安通,白砂糖,优质白砂糖,,福州榕福糖酒副食品批发公司,,2015-06-10,,,色值（≤150IU）,,182IU,,不合格,国内监督抽查(福建省食药监局),2016-02-26,
食安通,白砂糖,白砂糖,,北京中糖世纪食品有限公司沈阳分公司,,2015-11-03,,,色值（≤120IU）,,193IU,,不合格,国内监督抽查(食药监总局),2016-03-09,
食安通,白砂糖,白砂糖,,安徽省恒利源食品有限公司,,2015-07-08,,,色值（≤150IU）,,190IU,,不合格,国内监督抽查(安徽省食药监局),2016-03-02,
食安通,白砂糖,白砂糖,,芜湖天业炒货食品厂,,2015-06-17,,,标签（应符合GB7718-2011及GB28050-2011之要求）,,未标注质量等级,,不合格,国内监督抽查(安徽省食药监局),2016-03-02,
食安通,白砂糖,白砂糖,,安徽省肥东银丰副食品厂,,2015-09-18,,,还原糖分（≤0.10%）,,0.00,,不合格,国内监督抽查(食药监总局),2016-06-17,
食安通,白砂糖,白砂糖,,云南德宏英茂糖业有限公司景罕糖厂,,2015-04-09,,,还原糖分（≤0.10g/100g）,,0.12g/100g,,不合格,国内监督抽查(南京市食药监局),2016-06-10,
食安通,白砂糖,白砂糖,,温州东风食品有限公司,,2015-09-18,,,蔗糖（≥99.6%）,,98.8%,,不合格,国内监督抽查(浙江省食药监局),2016-08-09,
食安通,白砂糖,白砂糖,,分装商：杭州金利食品有限公司,,2015-11-20,,,色值（≤150IU）,,196IU,,不合格,国内监督抽查(浙江省食药监局),2016-08-09,
食安通,白砂糖,白砂糖,,分装商：晋江市灵源三兴食品厂,,2016-02-02,,,色值（≤150IU）,,164IU,,不合格,国内监督抽查(食药监总局),2016-08-09,
食安通,白砂糖,白砂糖,,上海威铭食品有限公司,,2016-02-25,,,色值（≤25IU）,,38IU,,不合格,国内监督抽查(食药监总局),2016-09-26,
食安通,白砂糖,白砂糖,,昆明市五华区新大华食品厂,,2016-06-01,,,还原糖分（≤0.10%）,,0.13%,,不合格,国内监督抽查(云南省食药监局),2016-10-24,
食安通,白砂糖,白砂糖（分装）,,德州保达食品有限公司,,2016-06-01,,,还原糖分（≤0.10%）,,0.33%,,不合格,国内监督抽查(山东省食药监局),2016-11-23,
食安通,白砂糖,白砂糖,,昆明大麦地食品有限公司,,2016-01-07,,,色值（≤150IU）,,178IU,,不合格,国内监督抽查(云南省食药监局),2016-11-14,
食安通,白砂糖,白砂糖,,云南滇鹏糖业有限公司,,2016-07-01,,,色值（≤150IU）,,223IU,,不合格,国内监督抽查(云南省食药监局),2016-11-14,
食安通,白砂糖,纯正白砂糖,,昆明寻甸丁氏沣园食品厂,,2016-01-12,,,色值（≤150IU）,,248IU,,不合格,国内监督抽查(云南省食药监局),2016-11-14,
食安通,白砂糖,白砂糖,,昆明市经开区丰源食品厂,,2016-06-11,,,色值（≤150IU）,,202IU,,不合格,国内监督抽查(云南省食药监局),2016-11-14,
食安通,白砂糖,丰驿白砂糖,,昆明多悦多工贸有限公司,,2016-05-28,,,色值（≤150IU）,,242IU,,不合格,国内监督抽查(云南省食药监局),2016-11-14,
食安通,白砂糖,白砂糖,,昆明多悦多工贸有限公司,,2016-06-23,,,色值（≤150IU）,,218IU,,不合格,国内监督抽查(云南省食药监局),2016-11-14,
食安通,白砂糖,白砂糖,,昆明市西山区前卫镇拥护办事处,,2016-06-08,,,色值（≤150IU）,,206IU,,不合格,国内监督抽查(云南省食药监局),2016-11-14,
食安通,白砂糖,白砂糖,,昆明涵硕工贸有限公司,,2016-06-17,,,色值（≤150IU）,,213IU,,不合格,国内监督抽查(云南省食药监局),2016-11-11,
食安通,白砂糖,景戈塔白砂糖,,耿马南华糖业有限公司,,2016-03-18,,,色值（≤150IU）,,158IU,,不合格,国内监督抽查(云南省食药监局),2016-11-03,
食安通,白砂糖,白砂糖,,义乌市帝奥食品有限公司,,2016-06-21,,,还原糖(分)（≤0.10%）,,0.20%,,不合格,国内监督抽查(浙江省食药监局),2016-11-02,
食安通,白砂糖,白砂糖,,昆明市阿鹏食品厂,,2016-02-20,,,色值（≤150IU）,,214IU,,不合格,国内监督抽查(云南省食药监局),2016-11-01,
食安通,白砂糖,白砂糖,,安宁市馨香食品厂,,2015-11-04,,,色值（≤25IU）,,191IU,,不合格,国内监督抽查(云南省食药监局),2016-10-28,
食安通,白砂糖,白砂糖,,昆明市经开区丰源食品厂,,2015-06-07,,,色值（≤150IU）,,177IU,,不合格,国内监督抽查(云南省食药监局),2016-10-28,
食安通,白砂糖,白砂糖,,昆明市五华区明华食品厂,,2016-04-13,,,色值（≤150IU）,,175.0IU,,不合格,国内监督抽查(云南省食药监局),2016-12-22,
食安通,白砂糖,白砂糖(分装),,分装者：温州市绿堤食品有限公司,,2016-05-30,,,色值（≤150IU）,,176IU,,不合格,国内监督抽查(浙江省食药监局),2016-12-12,
食安通,白砂糖,白砂糖,,郫县耿马山三食品厂,,2016-05-05,,,色值（≤150IU）,,174IU,,不合格,国内监督抽查(食药监总局),2016-12-12,
食安通,白砂糖,优质白砂糖,,云南国联食品有限公司,,2015-11-20,,,色值（≤150IU）,,179IU,,不合格,国内监督抽查(云南省食药监局),2016-12-09,
食安通,白砂糖,白砂糖,,昆明涵硕工贸有限公司,,2016-07-24,,,色值（≤150IU）,,166IU,,不合格,国内监督抽查(云南省食药监局),2016-12-09,
食安通,白砂糖,白砂糖,,昆明市西山区鑫源食品厂,,2016-09-04,,,色值（≤150IU）,,163IU,,不合格,国内监督抽查(云南省食药监局),2016-12-09,
食安通,白砂糖,白砂糖,,委托方：北京古松经贸有限公司受委托方：河北古松农副产品有限公司（分装）,,2016-05-22,,,二氧化硫（≤6mg/kg）,,22.7mg/kg,,不合格,国内监督抽查(食药监总局),2017-01-22,
食安通,白砂糖,白砂糖,,广西百色甘化股份有限公司,,2016-03-10,,,色值（≤150IU）,,169IU,,不合格,国内监督抽查(食药监总局),2017-01-03,
食安通,白砂糖,白砂糖,,广西百色甘化股份有限公司,,2016-03-16,,,色值（≤150IU）,,193IU,,不合格,国内监督抽查(食药监总局),2017-01-03,
食安通,淀粉,马铃薯淀粉（分装）,,北京顺天恒丰商贸有限公司望都第二分公司,,2016-03-01,,,霉菌和酵母总数（≤1000CFU/g）,,49000CFU/g,,不合格,国内监督抽查(山西省食药监局),2016-10-24,
食安通,淀粉,玉米淀粉,,天津市维利可食品有限公司,,2016-04-01,,,标签（应符合GB7718-2011及GB28050-2011标准要求）,,不符合,,不合格,国内监督抽查(天津市市场和质量监督管理委员会),2016-10-21,
食安通,淀粉,玉米淀粉,,天津九品莲花调味品有限公司,,2016-04-06,,,标签（应符合GB7718-2011及GB28050-2011标准要求）,,不符合,,不合格,国内监督抽查(天津市市场和质量监督管理委员会),2016-10-21,
食安通,淀粉,玉米淀粉,,天津福平荣盛食品有限公司,,2016-02-02,,,标签（应符合GB7718-2011及GB28050-2011标准要求）,,不符合,,不合格,国内监督抽查(天津市市场和质量监督管理委员会),2016-10-21,
食安通,淀粉,土豆粉(淀粉制品),,福建厨神食品有限公司,,2016-06-24/20160624,,,铝的残留量（干样品，以Al计）（≤200mg/kg）,,523.0mg/kg,,不合格,国内监督抽查(河南省食药监局),2016-10-12,
食安通,淀粉,云晶牌马铃薯淀粉,,黑龙江省依安县兴安岭薯业有限公司,,2015-04-10,,,霉菌和酵母菌数（≤1000CFU/g）,,3000CFU/g,,不合格,国内监督抽查(黑龙江省食药监局),2016-10-12,
食安通,淀粉,油炸猪肉淀粉丸,,高平市阿东食品有限公司,,2016-07-24,,,大肠菌群（≤30MPN/100g）,,40MPN/100g,,不合格,国内监督抽查(山西省食药监局),2016-10-10,
食安通,淀粉,莲花食用小麦淀粉,,项城市菱花面粉有限公司,,2016-03-25,,,霉菌（≤100CFU/g）,,230CFU/g,,不合格,国内监督抽查(甘肃省食药监局),2016-11-18,
食安通,淀粉,土豆淀粉,,温县味美佳调味食品有限公司（分装）,,2016-04-01,,,大肠菌群（≤70MPN/100g）,,2400MPN/100g,,不合格,国内监督抽查(甘肃省食药监局),2016-11-18,
食安通,淀粉,厨用淀粉,,北京厨大妈食品集团有限公司,,2016-06-10,,,大肠菌群（≤70MPN/100g）,,2400MPN/100g,,不合格,国内监督抽查(甘肃省食药监局),2016-11-18,
食安通,淀粉,淀粉制品(苕都粉条),,四川传世手功粉业有限公司,,2015-12-01,,,铝的残留量（以干基计）（≤200mg/kg）,,384mg/kg,,不合格,国内监督抽查(四川省食药监局),2016-11-03,
食安通,淀粉,食用玉米淀粉,,诸城兴贸玉米开发有限公司,,2016-03-08,,,霉菌计数,,/,,不合格,国内监督抽查(深圳市食药监局),2016-10-31,
食安通,淀粉,兴贸食用玉米淀粉,,诸城兴贸玉米开发有限公司,,/,,,霉菌计数,,/,,不合格,国内监督抽查(深圳市食药监局),2016-10-31,
食安通,淀粉,恒得宝食用玉米淀粉,,潍坊盛泰药业有限公司,,/,,,霉菌计数,,/,,不合格,国内监督抽查(深圳市食药监局),2016-10-31,
食安通,淀粉,二锤鲜粉不留(淀粉制品),,清涧县二毛农产品加工专业合作社,,2016-06-30,,,铝的残留量（≤200mg/kg）,,351mg/kg,,不合格,国内监督抽查(陕西省食药监局),2016-12-23,
食安通,淀粉,食用小麦淀粉（分装）,,平湖市林埭镇广欣食品厂,,2016-08-12,,,霉菌（≤100CFU/g）,,380CFU/g,,不合格,国内监督抽查(浙江省食药监局),2016-12-21,
食安通,淀粉,雪逸牌澄面（小麦淀粉）,,太原森泰食品有限公司晋中分公司,,2016-08-03,,,霉菌（≤100CFU/g）,,230CFU/g,,不合格,国内监督抽查(食药监总局),2016-12-20,
食安通,淀粉,小麦淀粉,,监制商：福建塞翁福食品股份有限公司分装商：上海塞翁福农业发展有限公司,,2016-08-01,,,霉菌（≤100CFU/g）,,290CFU/g,,不合格,国内监督抽查(食药监总局),2016-12-20,
食安通,淀粉,玉米淀粉,,德州华糖食品有限公司（分装）,,2016-04-14,,,大肠菌群（≤70MPN/100g）,,90MPN/100g,,不合格,国内监督抽查(山东省食药监局),2016-12-14,
食安通,淀粉,松花淀粉鸡肉卷,,佳木斯市天昕食品有限公司,,2016-07-03,,,菌落总数（≤30000CFU/g）,,270000CFU/g,,不合格,国内监督抽查(黑龙江省食药监局),2016-12-09,
食安通,淀粉,粉丝（淀粉及淀粉制品）,,被抽检单位：太和县宜购超市有限责任公司,,2016-06-28,,,铝的残留量（以干基计）（≤200mg/kg）,,348mg/kg,,不合格,国内监督抽查(安徽省食药监局),2016-12-07,
食安通,淀粉,淀粉（混合）,,牡丹江市西安区永泰调味品厂,,2016-04-01,,,二氧化硫残留量（≤0.03g/kg）,,0.085g/kg,,不合格,国内监督抽查(黑龙江省药监局),2016-11-29,
食安通,淀粉,小麦淀粉,,鄄城县明珠淀粉厂,,2016-05-26,,,霉菌（≤100CFU/g）,,730CFU/g,,不合格,国内监督抽查(山东省食药监局),2017-01-24,
食安通,淀粉,玉米淀粉,,临沂优佳食品有限公司,,2016-10-16,,,霉菌（≤100CFU/g）,,160CFU/g,,不合格,国内监督抽查(山东省食药监局),2017-01-24,
食安通,淀粉,华禹粉条（淀粉制品）,,禹州薯来宝食品有限公司,,2016-10-10,,,铝的残留量（干样品，以Al计）（≤200mg/kg）,,286.2mg/kg,,不合格,国内监督抽查(河南省食药监局),2017-01-18,
食安通,淀粉,食用玉米淀粉(分装),,河南省彬海食品有限公司,,2015-10-15,,,二氧化硫残留量（≤0.03g/kg）,,0.0454g/kg,,不合格,国内监督抽查(河南省食药监局),2017-01-11,
食安通,淀粉,Q脆鸡汁味（风味淀粉制品）,,重庆市领洲食品有限责任公司,,2016-09-28,,,酸价（以脂肪计）（KOH）（≤3.0mg/g）,,17.9mg/g,,不合格,国内监督抽查(重庆市食药监局),2017-01-05,
食安通,淀粉,食用玉米淀粉,,天津市启程食品有限公司,,2016-07-24,,,标签（应符合GB7718-2011及GB28050-2011标准要求）,,不符合,,不合格,国内监督抽查(天津市市场和质量监督管理委员会),2016-12-30,
食安通,淀粉,马铃薯精制淀粉,,察右中旗凯盛淀粉有限责任公司,,2016-10-28,,,大肠菌群,,1500,,不合格,国内监督抽查(内蒙古食药监局),2016-12-26,
食安通,味精,无盐味精,,天津九品莲花调味品有限公司,,2015-10-19,,,标签,,/,,不合格,国内监督抽查(天津市市场和质量监督管理委员会),2016-01-15,
食安通,味精,味精（加盐味精）,,重庆飞亚实业有限公司,,2015-02-26,,,谷氨酸钠（≥80%（标示值））,,0.3,,不合格,国内监督抽查(北京市食药监局),2016-01-07,
食安通,味精,铃兰味精,,山东铃兰味精工业公司,,2014-11-07,,,谷氨酸钠（≥99.0%）（标示值）,,0.8,,不合格,国内监督抽查(北京市食药监局),2016-01-07,
食安通,味精,铃兰味精,,山东铃兰味精工业公司,,2014-11-07,,,谷氨酸钠（≥99.0%）（标示值）,,0.7,,不合格,国内监督抽查(北京市食药监局),2016-01-07,
食安通,味精,鲜上鲜味精,,古田县友缘味精厂,,2015-05-06,,,呈味核苷酸二钠（≥3%）,,0.0,,不合格,国内监督抽查(福建省食药监局),2016-02-26,
食安通,味精,特鲜味精,,古田县友缘味精厂,,2015-08-06,,,呈味核苷酸二钠（≥2.3%）,,0.0,,不合格,国内监督抽查(福建省食药监局),2016-02-26,
食安通,味精,海舒无盐纯味精,,临沂市兰山区天然味精厂,,2015-01-02,,,谷氨酸钠（≥99.0%）,,78.8%,,不合格,国内监督抽查(山东省食药监局),2016-03-16,
食安通,味精,味精,,韩国希杰有限公司,,42249,,,谷氨酸钠,,/,,不合格,国内监督抽查(深圳市食药监局),2016-03-09,
食安通,味精,味精,,成昌行粮食有限公司,,42157,,,谷氨酸钠,,/,,不合格,国内监督抽查(深圳市食药监局),2016-03-09,
食安通,味精,味精,,深圳市龙岗区平湖镇毛家饭店,,2015-08-10,,,谷氨酸钠,,/,,不合格,国内监督抽查(深圳市食药监局),2016-03-09,
食安通,味精,味精,,银川市兴庆区伊薯食品加工厂,,2015-06-01,,,谷氨酸钠（≥80%）,,76.7%,,不合格,国内监督抽查(宁夏食药监局),2016-04-27,
食安通,味精,味精,,成昌行粮食有限公司,,2015-10-02,,,谷氨酸钠,,/,,不合格,国内监督抽查(深圳市食药监局),2016-05-18,
食安通,味精,味精,,临沭县美圣调味品厂,,2015-06-11,,,谷氨酸钠（≥80.0%）,,46%,,不合格,国内监督抽查(莱芜市食药监局),2016-05-09,
食安通,味精,味精,,被抽检单位：深圳市港叔餐饮管理有限公司,,2015-06-13,,,谷氨酸钠,,/,,不合格,国内监督抽查(深圳市食药监局),2016-05-05,
食安通,味精,味精,,成昌行粮食有限公司,,2015-10-02,,,谷氨酸钠,,/,,不合格,国内监督抽查(深圳市食药监局),2016-05-05,
食安通,味精,味精,,成昌行粮食有限公司,,2015-04-28,,,谷氨酸钠,,/,,不合格,国内监督抽查(深圳市食药监局),2016-05-05,
食安通,味精,味精,,被抽检单位：深圳舌尖至上餐饮管理有限公司沙头角分店,,2015-05-05,,,谷氨酸钠,,/,,不合格,国内监督抽查(深圳市食药监局),2016-05-05,
食安通,味精,加盐味精,,沈阳红梅食品有限公司,,2015-09-25,,,谷氨酸钠（≥80.0%）,,69.60%,,不合格,国内监督抽查(食药监总局),2016-06-06,
食安通,味精,味丹味精,,上海味丹企业有限公司,,2015-07-05,,,谷氨酸钠（≥99.0%）,,89.80%,,不合格,国内监督抽查(食药监总局),2016-06-06,
食安通,味精,满城香味精,,成都市满城香食品有限公司,,2016-03-04,,,谷氨酸钠（≥80%）,,65.9%,,不合格,国内监督抽查(四川省食药监局),2016-07-28,
食安通,味精,无盐味精,,青州市舒心园食品有限公司（分装）,,2016-01-02,,,谷氨酸钠（≥99.0%）,,76.2%,,不合格,国内监督抽查(莱芜市食药监局),2016-07-26,
食安通,味精,无盐味精,,张家港市新菊味精有限公司,,2015-01-16,,,谷氨酸钠（≥99.0%）,,90.50%,,不合格,国内监督抽查(食药监总局),2016-07-11,
食安通,味精,味精,,乔向荣调味品店,,2016-05-05,,,谷氨酸钠（≥80.0%）,,38.4%,,不合格,国内监督抽查(莱芜市食药监局),2016-07-05,
食安通,味精,康纯味精,,义乌市康纯食品有限公司,,2015-12-30,,,谷氨酸钠（≥80.0%）,,14.1%,,不合格,国内监督抽查(浙江省食药监局),2016-08-09,
食安通,味精,味精,,成昌行粮食有限公司,,2016-03-01,,,谷氨酸钠,,/,,不合格,国内监督抽查(深圳市食药监局),2016-09-22,
食安通,味精,特鲜味精,,昆明经开区阿拉华懋调味食品厂,,2015-04-22,,,谷氨酸钠（≥97.0%）,,30.5%,,不合格,国内监督抽查(云南省食药监局),2016-10-24,
食安通,味精,天鲜鸡味精调料,,重庆好吉多食品有限公司,,2016-05-24,,,糖精钠（≤0.15	g/kg）,,0.40g/kg,,不合格,国内监督抽查(重庆市食药监局),2016-10-20,
食安通,味精,增鲜味精,,福建榕诚食品有限公司,,2015-02-09,,,谷氨酸钠（≥97.0）,,94.2%,,不合格,国内监督抽查(福建省食药监局),2016-10-17,
食安通,味精,加盐味精,,昆明过桥工贸有限公司,,2016-08-04,,,谷氨酸钠（≥80.0%）,,73.9%,,不合格,国内监督抽查(云南省食药监局),2016-11-18,
食安通,味精,味精,,昆明经开区阿拉乡连桥食品厂,,2016-06-02,,,谷氨酸钠（≥80.0%）,,30.3%,,不合格,国内监督抽查(云南省食药监局),2016-11-18,
食安通,味精,聚源春果味精品（瓜子）,,彭州市丽春镇聚源果味瓜子厂,,2016-09-23,,,二氧化硫残留量（不得检出）,,0.228g/kg,,不合格,国内监督抽查(四川省食药监局),2016-12-16,
食安通,味精,加盐味精（80%谷氨酸钠）,,江门市蓬江区大平调味食品厂,,2016-01-04,,,谷氨酸钠（≥80.0%）,,66.80%,,不合格,国内监督抽查(广东省食药监局),2016-12-15,
食安通,味精,味精,,江西省抚州市乐安县工业园区,,2016-07-15,,,谷氨酸钠（≥99.0%）,,0.71,,不合格,国内监督抽查(江西省食药监局),2016-12-09,
食安通,味精,鑫惠味精,,长春鑫利食品有限公司,,2016-10-20,,,谷氨酸钠（≥99.0%）,,49.70%,,不合格,国内监督抽查(吉林省食药监局),2016-12-30,
食安通,大蒜,糖醋大蒜,,杭州萧山新湾宏北蔬菜加工厂,,2015-04-16,,,糖精钠（以糖精计）（≤0.15g/kg）,,0.237g/kg,,不合格,国内监督抽查(浙江省食药监局),2016-06-17,
食安通,大蒜,糖醋大蒜,,桐乡市高介湾酱菜厂,,2016-08-02,,,糖精钠(以糖精计)（≤0.15g/kg）,,0.2g/kg,,不合格,国内监督抽查(浙江省食药监局),2016-12-12,
食安通,大蒜,大蒜生姜味醋（酿造食醋）,,和田古代旗那农业科技开发有限公司,,2016—07—10,,,总酸（以乙酸计）（≥3.50g/100mL）,,3.03g/100mL,,不合格,国内监督抽查(新疆食药监局),2017-01-24,
食安通,陈醋,陈醋,,徐州金阳光食品有限公司,,2016-04-01,,,糖精钠（以糖精计）（不得检出）,,0.11g/kg,,不合格,国内监督抽查(江苏省食药监局),2016-09-14,
食安通,陈醋,老陈醋,,宁夏华兴盛醋业有限公司,,2016-07-01,,,总酸（≥5.0g/100mL）,,3.8g/100mL,,不合格,国内监督抽查(宁夏食药监局),2016-10-14,
食安通,陈醋,老陈醋,,普宁市利龙达食品有限公司,,2016-01-02,,,环己基氨基磺酸钠（甜蜜素）（不得添加）,,0.39g/kg,,不合格,国内监督抽查(广东省食药监局),2016-09-29,
食安通,陈醋,老陈醋,,宜宾好运来调味品有限公司,,2016-04-18,,,总酸（≥3.5g/100mL）,,2.5g/100mL,,不合格,国内监督抽查(四川省食药监局),2016-11-24,
食安通,陈醋,手工老陈醋,,徐州彭记食品有限公司,,2016-05-26,,,苯甲酸及其钠盐（≤1.0g/kg）,,1.6g/kg,,不合格,国内监督抽查(江苏省食药监局),2016-11-16,
食安通,陈醋,老陈醋酿造食醋,,伊犁祥云酿造有限责任公司,,2016-09-11,,,菌落总数（≤10000CFU/mL）,,27000CFU/g,,不合格,国内监督抽查(新疆食药监局),2016-12-22,
食安通,陈醋,老陈醋,,山东泗水天昊食品有限公司,,2016-06-08,,,总酸（≥3.50g/100mL）,,3.35g/100mL,,不合格,国内监督抽查(山东省食药监局),2016-12-14,
食安通,陈醋,夏源陈醋,,石嘴山隆湖万祥食品酿造厂,,2016-06-01,,,苯甲酸（≤1.0g/kg）,,1.2g/kg,,不合格,国内监督抽查(宁夏食药监局),2016-12-07,
食安通,陈醋,老陈醋,,河南天味源食品有限公司,,2016-05-31,,,总酸（≥5.0g/100mL）,,4.17g/100mL,,不合格,国内监督抽查(河南省食药监局),2016-12-28,
食安通,糖浆,蓝莓味调味糖浆,,上海好成食品发展有限公司,,2016-04-06,,,环己基氨基磺酸钠（甜蜜素）（不得检出）,,0.40g/kg,,不合格,国内监督抽查(上海市食药监局),2016-06-22,
食安通,糖浆,金桔柠檬味调味糖浆,,上海好成食品发展有限公司,,2016-03-12,,,环己基氨基磺酸钠（甜蜜素）（不得检出）,,0.45g/kg,,不合格,国内监督抽查(上海市食药监局),2016-06-22,
食安通,糖浆,红牛味调味糖浆,,上海好成食品发展有限公司,,2016-03-25,,,环己基氨基磺酸钠（甜蜜素）（不得检出）,,0.46g/kg,,不合格,国内监督抽查(上海市食药监局),2016-06-22,
食安通,糖浆,柳橙味调味糖浆,,上海好成食品发展有限公司,,2016-03-10,,,环己基氨基磺酸钠（甜蜜素）（不得检出）,,0.45g/kg,,不合格,国内监督抽查(上海市食药监局),2016-06-22,
食安通,糖浆,青苹果味调味糖浆,,上海好成食品发展有限公司,,2016-03-10,,,环己基氨基磺酸钠（甜蜜素）（不得检出）,,0.35g/kg,,不合格,国内监督抽查(上海市食药监局),2016-06-22,
食安通,糖浆,百香果味调味糖浆,,上海好成食品发展有限公司,,2016-03-08,,,环己基氨基磺酸钠（甜蜜素）（不得检出）,,0.49g/kg,,不合格,国内监督抽查(上海市食药监局),2016-06-22,
食安通,贝类,花甲（贝类）,,被抽检单位：深圳市光明新区公明雄辉海鲜酒楼,,/,,,氯霉素,,/,,不合格,国内监督抽查(深圳市食药监局),2016-07-15,
食安通,芝麻油,纯正黑芝麻油,,镇江市纯之源食用油有限公司,,2015-09-12,,,苯并[a]芘（≤10μg/kg）,,31.8μg/kg,,不合格,国内监督抽查(江苏省食药监局),2016-01-20,
食安通,芝麻油,芝麻油,,漳州齐有香食品有限公司,,2015-09-21,,,苯并（a）芘（≤10μg/kg）,,31μg/kg,,不合格,国内监督抽查(福建省食药监局),2016-02-26,
食安通,芝麻油,纯芝麻油,,和县和兴粮油有限责任公司,,2015-09-23,,,标签（应符合GB7718-2011之要求）,,未标注产品质量等级,,不合格,国内监督抽查(安徽省食药监局),2016-03-09,
食安通,芝麻油,纯芝麻油,,成都宝阳味业有限责任公司,,2015-05-11,,,铅（≤0.1mg/kg）,,0.21mg/kg,,不合格,国内监督抽查(四川省食药监局),2016-03-01,
食安通,芝麻油,纯芝麻油,,和县韩式兄弟调味品有限责任公司,,2015-09-11,,,亚麻酸（0.2～1.0%）,,1.3%,,不合格,国内监督抽查(安徽省食药监局),2016-04-06,
食安通,芝麻油,纯正黑芝麻油,,镇江市纯之源食用油有限公司,,2015-08-26,,,苯并（a）芘,,不合格,,不合格,国内监督抽查(深圳市食药监局),2016-04-01,
食安通,芝麻油,小磨芝麻油,,泰州市久滋香食品有限公司,,2016-01-01,,,苯并[a]芘（123ug/kg）,,≤10ug/kg,,不合格,国内监督抽查(江苏省食药监局),2016-05-28,
食安通,芝麻油,纯芝麻油,,吉林省鑫泰食品调料有限公司,,2015-03-20,,,硬脂酸（4.5～6.7%）,,3.4%,,不合格,国内监督抽查(北京市食药监局),2016-05-10,
食安通,芝麻油,润之颂芝麻油,,文昌润之颂食品有限公司,,2016-01-25,,,酸价（≤2.0mg/g）,,3.34mg/g,,不合格,国内监督抽查(海南省食药监局),2016-06-23,
食安通,芝麻油,纯芝麻油（一级）,,绵阳市邦太食品有限责任公司,,2015-06-26,,,酸值（KOH）(≤0.60mg/g),,1.33mg/g,,不合格,国内监督抽查(四川省食药监局),2016-05-30,
食安通,芝麻油,食用油（芝麻油）,,成都川味乡食品有限公司,,2015-07-07,,,过氧化值(≤7.5mmoL/kg),,13.4mmoL/kg,,不合格,国内监督抽查(四川省食药监局),2016-05-30,
食安通,芝麻油,芝麻油,,祁县昭馀香油厂,,2015-10-15,,,苯并[a]芘（≤10μg/kg）,,15μg/kg,,不合格,国内监督抽查(山西省食药监局),2016-05-30,
食安通,芝麻油,芝麻油,,上海烹美馨调味品有限公司,,2015-09-21,,,邻苯二甲酸二正丁酯,,/,,不合格,国内监督抽查(深圳市食药监局),2016-07-15,
食安通,芝麻油,芝麻油,,三原龙凤春调味品有限责任公司,,2015-08-13,,,邻苯二甲酸二正丁酯（DBP）,,/,,不合格,国内监督抽查(深圳市食药监局),2016-07-15,
食安通,芝麻油,纯芝麻油（纯正压榨）,,被抽检单位：深圳市惠家乐百货有限公司,,2015-10-14,,,脂肪酸组成,,/,,不合格,国内监督抽查(深圳市食药监局),2016-07-15,
食安通,芝麻油,纯芝麻油（纯正压榨）,,湖南省金顶实业有限公司,,2016-01-02,,,脂肪酸组成,,/,,不合格,国内监督抽查(深圳市食药监局),2016-07-15,
食安通,芝麻油,纯芝麻油,,湖南省金顶实业有限公司,,2015-07-06,,,邻苯二甲酸二正丁酯（DBP）,,/,,不合格,国内监督抽查(深圳市食药监局),2016-07-15,
食安通,芝麻油,纯正黑芝麻油,,镇江市纯之源食用油有限公司,,2015-09-15,,,邻苯二甲酸二正丁酯（DBP）,,/,,不合格,国内监督抽查(深圳市食药监局),2016-07-15,
食安通,芝麻油,纯正黑芝麻油,,镇江市纯之源食用油有限公司,,2015-10-28,,,邻苯二甲酸二正丁酯（DBP）,,/,,不合格,国内监督抽查(深圳市食药监局),2016-07-15,
食安通,芝麻油,小磨香油（芝麻油）,,泰州市节节高食品有限公司,,2016-04-27,,,酸值（KOH）（≤2.0mg/g）,,2.9mg/g,,不合格,国内监督抽查(江苏省食药监局),2016-08-24,
食安通,芝麻油,节节高小磨香油（芝麻油）,,泰州市节节高食品有限公司,,2016-05-03,,,酸值（KOH）（≤2.0mg/g）,,2.8mg/g,,不合格,国内监督抽查(江苏省食药监局),2016-08-24,
食安通,芝麻油,添发牌纯芝麻油,,和县金鑫粮油有限责任公司,,2016-02-27,,,苯并(α)芘（≤10μg/kg）,,16μg/kg,,不合格,国内监督抽查(上海市食药监局),2016-08-10,
食安通,芝麻油,新丰黑芝麻油,,宿州市新丰麻油厂,,2015-01-05,,,酸值/酸价（KOH)（≤2.0mg/g）,,3.5mg/g,,不合格,国内监督抽查(安徽省食药监局),2016-09-28,
食安通,芝麻油,芝麻油（小磨香油）,,新沂市沙沟香油有限公司,,2015-05-27,,,苯并（α）芘（≤10μg/kg）,,15.3μg/kg,,不合格,国内监督抽查(山东省食药监局),2016-11-16,
食安通,芝麻油,纯芝麻油,,陕西三原吉祥调味品有限公司,,2016-05-16,,,脂肪酸组成,,/,,不合格,国内监督抽查(深圳市食药监局),2016-10-31,
食安通,芝麻油,纯正黑芝麻油,,嘉鱼县天香麻油厂,,2016-10-05,,,苯并（a）芘（≤10μg/kg）,,169μg/kg,,不合格,国内监督抽查(湖北省食药监局),2016-12-22,
食安通,大豆,北京烤鸭（大豆蛋白肉）,,揭阳市天潮食品有限公司,,2016-05-10,,,铝的残留量（以干基计）（≤100mg/kg）,,498.3mg/kg,,不合格,国内监督抽查(广东省食药监局),2016-10-27,
食安通,大豆,煎炸过程用油（大豆油）,,潮州市湘桥区小雅岩烧南较西咖啡西餐厅,,2016-05-05,,,极性组分（≤27%）,,30.80%,,不合格,国内监督抽查(广东省食药监局),2016-10-27,
食安通,大豆,煎炸过程用油（大豆油）,,被抽检单位：陕西风味包子油条,,2016-09-08,,,苯并[a]芘（10.0μg/k）,,23.14μg/kg,,不合格,国内监督抽查(青海省食药监局),2016-12-21,
食安通,大豆,好食在酱香牛肉（油炸类大豆制品）,,潮安区庵埠镇顺乐食品厂,,2016-09-02,,,山梨酸及其钾盐（以山梨酸计）（≤1.0g/kg）,,1.65g/kg,,不合格,国内监督抽查(四川省食药监局),2016-12-16,
食安通,大豆,大豆芽,,刘桂芬,,2016-08-10,,,6-苄基腺嘌呤（6-BA）（0.0mg/kg）,,0.57mg/kg,,不合格,国内监督抽查(云南省食药监局),2016-12-16,
食安通,大豆,纯香大豆油（三泰）,,定陶三泰油脂有限公司,,2016-05-20,,,溶剂残留量（≤50mg/kg）,,1129mg/kg,,不合格,国内监督抽查(山东省食药监局),2016-12-14,
食安通,大豆,笨榨大豆油,,黑龙江富阳生物科技有限公司,,2016-01-16,,,过氧化值（≤6.0mmol/kg）,,7.5mmol/kg,,不合格,国内监督抽查(黑龙江省食药监局),2016-12-09,
食安通,大豆,笨榨大豆油,,黑龙江富阳生物科技有限公司,,2016-01-16,,,过氧化值（≤6mmol/kg）,,8.9mmol/kg,,不合格,国内监督抽查(黑龙江省药监局),2016-11-29,
食安通,大豆,大豆油,,山东富华昌盛粮油有限公司,,2016-06-13,,,过氧化值（≤5.0mmol/kg）,,8.5mmol/kg,,不合格,国内监督抽查(山东省食药监局),2017-01-24,
食安通,大豆,大豆油,,哈尔滨大军商贸有限公司,,2016-09-08,,,溶剂残留量（不得检出）,,22.2mg/kg,,不合格,国内监督抽查(黑龙江省食药监局),2017-01-22,
食安通,大豆,浓香笨榨大豆油,,哈尔滨佰盛粮油有限公司,,2016-08-25,,,溶剂残留量（不得检出）,,23.0mg/kg,,不合格,国内监督抽查(黑龙江省食药监局),2017-01-22,
食安通,大豆,大豆油,,(哈尔滨天天顺粮油加工厂),,2016-08-25,,,过氧化值（≤6.0mmol/kg）,,7.2mmol/kg,,不合格,国内监督抽查(黑龙江省食药监局),2017-01-22,
食安通,大豆,大豆油,,(哈尔滨民兴实业有限公司),,2016-08-24,,,过氧化值（≤6.0mmol/kg）,,39mmol/kg,,不合格,国内监督抽查(黑龙江省食药监局),2017-01-22,
食安通,大豆,大豆油,,(黑龙江省新泰粮油有限公司),,2016-09-02,,,酸值（≤3.0mg/g）,,3.8mg/g,,不合格,国内监督抽查(黑龙江省食药监局),2017-01-22,
食安通,大豆,“好冠家”非转基因大豆油,,嘉吉粮油(南通)有限公司,,2016-06-10,,,酸值(KOH)（≤0.20mg/g(一级)）,,0.35mg/g,,不合格,国内监督抽查(食药监总局),2017-01-22,
RASFF,小麦,有机覆盖荞麦 ,谷物和面包店产品 ,,,,2021.0606,霉菌毒素 ,黄曲霉毒素B1. ,µg/kg - ppb,"22,6",2 µg/kg - ppb,严肃的 ,国外预警(RASFF),05-02-2021,
RASFF,小麦,有机覆盖荞麦 ,谷物和面包店产品 ,,,,2021.0606,霉菌毒素 ,黄曲霉毒素总共 ,µg/kg - ppb,"22,6",4 µg/kg - ppb,严肃的 ,国外预警(RASFF),05-02-2021,
RASFF,小麦,普通小麦面条400克 ,谷物和面包店产品 ,,,,2021.0509,,,,,,严肃的 ,国外预警(RASFF),02-02-2021,
RASFF,小麦,有机荞麦 ,谷物和面包店产品 ,,,,2021.2240,霉菌毒素 ,黄曲霉毒素B1 ,µg/kg - ppb,"32,7","2,0 µg/kg - ppb",严肃的 ,国外预警(RASFF),06-05-2021,
RASFF,小麦,有机荞麦 ,谷物和面包店产品 ,,,,2021.2240,霉菌毒素 ,黄曲霉毒素总共 ,µg/kg - ppb,"38,0","4,0 µg/kg - ppb",严肃的 ,国外预警(RASFF),06-05-2021,
RASFF,小麦,小麦麸皮面粉 ,谷物和面包店产品 ,,,,2021.1631,,,,,,未定 ,国外预警(RASFF),31-03-2021,
RASFF,小麦,曲奇饼 ,谷物和面包店产品 ,,,,2021.2808,,,,,,严肃的 ,国外预警(RASFF),01-06-2021,
RASFF,小麦,库斯库斯 ,谷物和面包店产品 ,,,,2021.3040,过敏原 ,未申报的小麦 ,,,,严肃的 ,国外预警(RASFF),11-06-2021,
RASFF,小麦,小麦面包与香草霜 ,谷物和面包店产品 ,,,,2021.3144,,,,,,不认真 ,国外预警(RASFF),17-06-2021,
RASFF,小麦,曲奇饼 ,谷物和面包店产品 ,,,,2021.3475,,,,,,严肃的 ,国外预警(RASFF),01-07-2021,
RASFF,小麦,小麦仁 ,坚果，坚果产品和种子 ,,,,2021.3494,农药残留物 ,没有定义 - 氯吡啶 ,mg/kg - ppm,"0,017",,未定 ,国外预警(RASFF),02-07-2021,
RASFF,小麦,小麦面筋 ,谷物和面包店产品 ,,,,2021.3633,农药残留物 ,无定义 - 氯吡啶 - 甲基 ,mg/kg - ppm,"0,026","0,01 mg/kg - ppm",未定 ,国外预警(RASFF),08-07-2021,
RASFF,小麦,小麦面筋 ,谷物和面包店产品 ,,,,2021.3633,农药残留物 ,无定义 - 氯吡啶 - 甲基 ,mg/kg - ppm,"0,045","0,01 mg/kg - ppm",未定 ,国外预警(RASFF),08-07-2021,
RASFF,小麦,小麦面筋 ,谷物和面包店产品 ,,,,2021.3633,农药残留物 ,无定义 - 氯吡啶 - 甲基 ,mg/kg - ppm,"0,014","0,01 mg/kg - ppm",未定 ,国外预警(RASFF),08-07-2021,
RASFF,小麦,绿色小麦（绿色苍食） ,谷物和面包店产品 ,,,,2021.3811,,,,,,严肃的 ,国外预警(RASFF),16-07-2021,
RASFF,小麦,谷朊粉BENEOPRO VWG75 ,谷物和面包店产品 ,,,,2021.3847,,,,,,未定 ,国外预警(RASFF),20-07-2021,
RASFF,小麦,嫩小麦面粉 ,谷物和面包店产品 ,,,,2021.4227,,,,,,严肃的 ,国外预警(RASFF),09-08-2021,
RASFF,小麦,“无麸质白色荞麦面粉”扣马卡巴无麸质 ,谷物和面包店产品 ,,,,2021.4257,过敏原 ,未宣布的麸质 ,mg/kg - ppm,"80, 39,6",,严肃的 ,国外预警(RASFF),10-08-2021,
RASFF,小麦,紫色小麦面粉 ,谷物和面包店产品 ,,,,2021.4591,,,,,,不认真 ,国外预警(RASFF),27-08-2021,
RASFF,小麦,玛雅花生 ,坚果，坚果产品和种子 ,,,,2021.0693,,,,,,严肃的 ,国外预警(RASFF),10-02-2021,
RASFF,小麦,有机小麦 ,谷物和面包店产品 ,,,,2021.2411,霉菌毒素 ,赭曲霉毒素A ,µg/kg - ppb,"7,21",5 µg/kg - ppb,未定 ,国外预警(RASFF),14-05-2021,
RASFF,牡蛎,牡蛎，太平洋牡蛎 ,双级软体动物及其产品 ,,,,2021.1147,病原微生物 ,诺洛伐不沃 ,,,,未定 ,国外预警(RASFF),05-03-2021,
RASFF,牡蛎,生蚝 ,双级软体动物及其产品 ,,,,2021.1366,病原微生物 ,诺洛伐不沃 ,,detected genotype I and II,,严肃的 ,国外预警(RASFF),16-03-2021,
RASFF,牡蛎,生蚝 ,双级软体动物及其产品 ,,,,2021.1201,,,,,,未定 ,国外预警(RASFF),09-03-2021,
RASFF,牡蛎,生活牡蛎 ,双级软体动物及其产品 ,,,,2021.1511,病原微生物 ,诺洛伐不沃 ,/g,rilevazione  in 2 gr,assenza di rilevazione in 2 gr /g,严肃的 ,国外预警(RASFF),24-03-2021,
RASFF,牡蛎,牡蛎 ,双级软体动物及其产品 ,,,,2021.2567,病原微生物 ,诺洛伐不沃 ,,,,未定 ,国外预警(RASFF),21-05-2021,
RASFF,牡蛎,生活牡蛎 ,双级软体动物及其产品 ,,,,2021.1520,,,,,,严肃的 ,国外预警(RASFF),25-03-2021,
RASFF,贝类,冷冻轰击贻贝 ,双级软体动物及其产品 ,,,,2021.0153,生物毒素（其他） ,腹泻贝类中毒（DSP）毒素 -  Okadaic acid ,,non conforme,,严肃的 ,国外预警(RASFF),12-01-2021,
RASFF,贝类,冷冻贻贝 ,双级软体动物及其产品 ,,,,2021.0806,病原微生物 ,没有定义 - 沙门氏菌 ,/25g,Present,,严肃的 ,国外预警(RASFF),16-02-2021,
RASFF,贝类,冷冻贻贝 ,双级软体动物及其产品 ,,,,2021.0806,病原微生物 ,姆班达卡沙门氏菌 ,/g,Present,,严肃的 ,国外预警(RASFF),16-02-2021,
RASFF,贝类,贻贝（Mytilus Galloprovincindis） ,双级软体动物及其产品 ,,,,2021.0901,病原微生物 ,太高的大肠杆菌计数 ,MPN/100g,920 - 240 - 170 - 110 - 920,,严肃的 ,国外预警(RASFF),22-02-2021,
RASFF,贝类,冷冻轰击贻贝 ,双级软体动物及其产品 ,,,,2021.1223,生物毒素（其他） ,Diarrhoeic贝类中毒（DSP）毒素 - 冈田酸 ,µg/kg - ppb,247,160 µg/kg - ppb,严肃的 ,国外预警(RASFF),10-03-2021,
RASFF,贝类,La Spezia的贻贝（Mytilus Galloprovinciadis） ,双级软体动物及其产品 ,,,,2021.2016,病原微生物 ,大肠杆菌 ,MPN/100g,1600,,严肃的 ,国外预警(RASFF),22-04-2021,
RASFF,贝类,蚌 ,双级软体动物及其产品 ,,,,2021.2664,生物毒素（其他） ,Diarrhoeic贝类中毒（DSP）毒素 - 冈田酸 ,,217+-47 microgramos de equivalentes de AO/kg  ,160 µg/kg - ppb,严肃的 ,国外预警(RASFF),26-05-2021,
RASFF,贝类,青口贝 ,双级软体动物及其产品 ,,,,2021.2766,病原微生物 ,大肠杆菌 ,MPN/100g,330,230 MPN/100g,严肃的 ,国外预警(RASFF),31-05-2021,
RASFF,贝类,钓鱼贻贝 ,双级软体动物及其产品 ,,,,2021.2989,病原微生物 ,没有定义 - 沙门氏菌 ,/25g,Presence,absence /25g,严肃的 ,国外预警(RASFF),09-06-2021,
RASFF,贝类,紫贻贝 ,双级软体动物及其产品 ,,,,2021.3331,生物毒素（其他） ,腹泻贝类中毒（DSP）毒素 -  Okadaic acid ,µg/kg - ppb,"293,6",160 µg/kg - ppb,严肃的 ,国外预警(RASFF),24-06-2021,
RASFF,贝类,青口贝 ,双级软体动物及其产品 ,,,,2021.3419,病原微生物 ,太高的大肠杆菌计数 ,MPN/100g,790,700 MPN/100g,严肃的 ,国外预警(RASFF),29-06-2021,
RASFF,贝类,青口贝 ,双级软体动物及其产品 ,,,,2021.3517,病原微生物 ,太高的大肠杆菌计数 ,MPN/100g,930 ,700 MPN/100g,严肃的 ,国外预警(RASFF),05-07-2021,
RASFF,贝类,Live Mussel（Mytilus Edulis） ,双级软体动物及其产品 ,,,,2021.4219,病原微生物 ,大肠杆菌 ,MPN/100g,210 ; 330 ; 490 ; 490 ; 790,,严肃的 ,国外预警(RASFF),06-08-2021,
RASFF,贝类,Mitili（Mytilus galloprovincialis） ,双级软体动物及其产品 ,,,,2021.4834,生物毒素（其他） ,腹泻贝类中毒（DSP）毒素 -  Okadaic acid ,µg/kg - ppb,292,160 µg/kg - ppb,严肃的 ,国外预警(RASFF),10-09-2021,
RASFF,贝类,青口贝 ,双级软体动物及其产品 ,,,,2021.4901,病原微生物 ,大肠杆菌 ,MPN/100g,930 ,700 MPN/100g,严肃的 ,国外预警(RASFF),14-09-2021,
RASFF,贝类,Mitili（Mytilus galloprovincialis） ,双级软体动物及其产品 ,,,,2021.4997,病原微生物 ,大肠杆菌 ,,,,严肃的 ,国外预警(RASFF),20-09-2021,
RASFF,贝类,深度冷冻预先煮熟的半壳贻贝尺寸40/60 ,双级软体动物及其产品 ,,,,2021.1365,病原微生物 ,诺洛伐不沃 ,,,,严肃的 ,国外预警(RASFF),16-03-2021,
RASFF,贝类,Live Mussels  -  Mytilus galloprovincialis ,双级软体动物及其产品 ,,,,2021.1532,病原微生物 ,太高的大肠杆菌计数 ,MPN/100g,2000 / 1900 / 640 / 390 / 6800,230 MPN/100g,严肃的 ,国外预警(RASFF),25-03-2021,
RASFF,芝麻油,芝麻 ,坚果，坚果产品和种子 ,,,,2021.2694,病原微生物 ,沙门氏菌SPP。 ,/g,125,,严肃的 ,国外预警(RASFF),27-05-2021,
RASFF,芝麻油,有机芝麻 ,坚果，坚果产品和种子 ,,,,2021.2923,农药残留物 ,没有定义 - 氯吡啶 ,mg/kg - ppm,"0,043","0,01 mg/kg - ppm",未定 ,国外预警(RASFF),07-06-2021,
RASFF,芝麻油,芝麻籽 ,坚果，坚果产品和种子 ,,,,2021.3367,病原微生物 ,沙门氏菌C组 ,/25g,presence,non /25g,严肃的 ,国外预警(RASFF),25-06-2021,
RASFF,芝麻油,芝麻籽 ,坚果，坚果产品和种子 ,,,,2021.3488,农药残留物 ,无定义 - 氯吡啶 - 甲基 ,mg/kg - ppm,"0,041 +/- 0,021",0.01 mg/kg - ppm,未定 ,国外预警(RASFF),02-07-2021,
RASFF,芝麻油,黑芝麻 ,坚果，坚果产品和种子 ,,,,2021.3543,病原微生物 ,沙门氏菌。 ,/25g,Presence,,严肃的 ,国外预警(RASFF),06-07-2021,
RASFF,芝麻油,天然芝麻 ,坚果，坚果产品和种子 ,,,,2021.3710,病原微生物 ,没有定义 - 沙门氏菌 ,/25g,Presence of Salmonella,Absence /25g,严肃的 ,国外预警(RASFF),13-07-2021,
RASFF,芝麻油,与芝麻种子（杏仁，榛子和花生）的焦糖的坚果 ,坚果，坚果产品和种子 ,,,,2021.3569,农药残留物 ,环氧乙烷 ,mg/kg - ppm,"0,16",,严肃的 ,国外预警(RASFF),07-07-2021,
RASFF,芝麻油,与芝麻种子（杏仁，榛子和花生）的焦糖的坚果 ,坚果，坚果产品和种子 ,,,,2021.3569,农药残留物 ,环氧乙烷 ,mg/kg - ppm,"0,14",,严肃的 ,国外预警(RASFF),07-07-2021,
RASFF,芝麻油,与芝麻种子（杏仁，榛子和花生）的焦糖的坚果 ,坚果，坚果产品和种子 ,,,,2021.3569,农药残留物 ,环氧乙烷 ,mg/kg - ppm,"0,11",,严肃的 ,国外预警(RASFF),07-07-2021,
RASFF,芝麻油,芝麻籽 ,坚果，坚果产品和种子 ,,,,2021.3750,农药残留物 ,农药残留物 ,mg/kg - ppm,"0,18",0.05 mg/kg - ppm,严肃的 ,国外预警(RASFF),14-07-2021,
RASFF,芝麻油,芝麻籽 ,坚果，坚果产品和种子 ,,,,2021.3826,病原微生物 ,沙门氏菌。 ,/25g,S. Mishmarhaemek detected ,,严肃的 ,国外预警(RASFF),19-07-2021,
RASFF,芝麻油,枯萎的芝麻 ,坚果，坚果产品和种子 ,,,,2021.3855,病原微生物 ,没有定义 - 沙门氏菌 ,/25g,Presence of Salmonella spp.,Absence /25g,严肃的 ,国外预警(RASFF),21-07-2021,
RASFF,芝麻油,尼日利亚睡着的芝麻 ,坚果，坚果产品和种子 ,,,,2021.3856,病原微生物 ,没有定义 - 沙门氏菌 ,/25g,Presence of Salmonella,Absence /25g,严肃的 ,国外预警(RASFF),21-07-2021,
RASFF,芝麻油,塔恩 ,坚果，坚果产品和种子 ,,,,2021.3974,病原微生物 ,沙门氏菌 ,/g,QL /25,,严肃的 ,国外预警(RASFF),27-07-2021,
RASFF,芝麻油,芝麻酱Sesampaste  - 芝麻酱芝麻糊 ,坚果，坚果产品和种子 ,,,,2021.4011,病原微生物 ,姆班达卡沙门氏菌 ,/25g,QL,,严肃的 ,国外预警(RASFF),29-07-2021,
RASFF,芝麻油,诺加特 ,谷物和面包店产品 ,,,,2021.1199,,,,,,严肃的 ,国外预警(RASFF),09-03-2021,
RASFF,芝麻油,鹰嘴豆泥 ,坚果，坚果产品和种子 ,,,,2021.1204,,,,,,严肃的 ,国外预警(RASFF),09-03-2021,
RASFF,芝麻油,芝麻籽 ,坚果，坚果产品和种子 ,,,,2021.1209,农药残留物 ,环氧乙烷 ,mg/kg - ppm,0.44 ,0.05 mg/kg - ppm,严肃的 ,国外预警(RASFF),09-03-2021,
RASFF,芝麻油,面包产品与芝麻籽 ,谷物和面包店产品 ,,,,2021.1318,,,,,,未定 ,国外预警(RASFF),15-03-2021,
RASFF,芝麻油,芝麻种子/芝麻 ,坚果，坚果产品和种子 ,,,,2021.1363,农药残留物 ,环氧乙烷 ,,> 5.0 mg/kg - ppm,0.05  mg/kg - ppm,严肃的 ,国外预警(RASFF),16-03-2021,
RASFF,芝麻油,芝麻籽 ,坚果，坚果产品和种子 ,,,,2021.1453,霉菌毒素 ,黄曲霉毒素B1 ,µg/kg - ppb,"38,0","2,0 µg/kg - ppb",严肃的 ,国外预警(RASFF),22-03-2021,
RASFF,芝麻油,芝麻籽 ,坚果，坚果产品和种子 ,,,,2021.1453,病原微生物 ,沙门氏菌切斯特 ,µg/kg - ppb,"38,0","2,0 µg/kg - ppb",严肃的 ,国外预警(RASFF),22-03-2021,
RASFF,芝麻油,芝麻籽 ,坚果，坚果产品和种子 ,,,,2021.1453,病原微生物 ,伦敦沙门氏菌 ,/25g,Positive,None /25g,严肃的 ,国外预警(RASFF),22-03-2021,
RASFF,芝麻油,生物芝麻去皮///耐用有机芝麻籽 ,坚果，坚果产品和种子 ,,,,2021.1498,农药残留物 ,环氧乙烷 ,mg/kg - ppm,"1,6","0,05 mg/kg - ppm",严肃的 ,国外预警(RASFF),24-03-2021,
RASFF,芝麻油,秀丽秀 ,坚果，坚果产品和种子 ,,,,2021.1503,农药残留物 ,环氧乙烷 ,mg/kg - ppm,"0,46± 0,23",,未定 ,国外预警(RASFF),24-03-2021,
RASFF,芝麻油,芝麻种子去皮///芝麻籽耐用 ,坚果，坚果产品和种子 ,,,,2021.1522,农药残留物 ,环氧乙烷 ,mg/kg - ppm,"19,0","0,05 mg/kg - ppm",严肃的 ,国外预警(RASFF),25-03-2021,
RASFF,芝麻油,黑色有机芝麻 ,坚果，坚果产品和种子 ,,,,2021.1534,农药残留物 ,环氧乙烷 ,mg/kg - ppm,"0,44","0,05 mg/kg - ppm",严肃的 ,国外预警(RASFF),25-03-2021,
RASFF,芝麻油,芝麻，去皮///芝麻孵化 ,坚果，坚果产品和种子 ,,,,2021.1549,农药残留物 ,环氧乙烷 ,mg/kg - ppm,17,"0,05 mg/kg - ppm",严肃的 ,国外预警(RASFF),26-03-2021,
RASFF,芝麻油,芝麻，去皮///芝麻，耐用 ,坚果，坚果产品和种子 ,,,,2021.1588,农药残留物 ,环氧乙烷 ,mg/kg - ppm,,"0,05 mg/kg - ppm",严肃的 ,国外预警(RASFF),29-03-2021,
RASFF,芝麻油,芝麻籽 ,坚果，坚果产品和种子 ,,,,2021.1735,农药残留物 ,环氧乙烷 ,mg/kg - ppm,"5,0","0,05 mg/kg - ppm",严肃的 ,国外预警(RASFF),07-04-2021,
RASFF,芝麻油,去皮芝麻 ,坚果，坚果产品和种子 ,,,,2021.1760,农药残留物 ,环氧乙烷 ,mg/kg - ppm,0.90,0.01 mg/kg - ppm,严肃的 ,国外预警(RASFF),08-04-2021,
RASFF,芝麻油,芝麻籽 ,坚果，坚果产品和种子 ,,,,2021.1810,农药残留物 ,环氧乙烷 ,mg/kg - ppm,"1,5","0,05 mg/kg - ppm",严肃的 ,国外预警(RASFF),12-04-2021,
RASFF,芝麻油,生物SG疼痛汉堡125G ,谷物和面包店产品 ,,,,2021.0724,,,,,,未定 ,国外预警(RASFF),11-02-2021,
RASFF,芝麻油,有机机械覆盖芝麻 ,坚果，坚果产品和种子 ,,,,2021.0726,农药残留物 ,环氧乙烷 ,mg/kg - ppm,0.29,0.05 mg/kg - ppm,严肃的 ,国外预警(RASFF),11-02-2021,
RASFF,芝麻油,Panustri在Sesame ,谷物和面包店产品 ,,,,2021.0738,,,,,,严肃的 ,国外预警(RASFF),12-02-2021,
RASFF,芝麻油,天然芝麻 ,坚果，坚果产品和种子 ,,,,2021.0830,病原微生物 ,没有定义 - 沙门氏菌 ,/25g,DETECTED IN 2 OUT OF 5 SAMPLES,ABSENCE /25g,严肃的 ,国外预警(RASFF),17-02-2021,
RASFF,芝麻油,天然芝麻 ,坚果，坚果产品和种子 ,,,,2021.0830,外国尸体 ,活昆虫 ,/25g,FOUND IN 5 OUT OF 5 SAMPLES,ABSENCE,严肃的 ,国外预警(RASFF),17-02-2021,
RASFF,芝麻油,芝麻籽 ,坚果，坚果产品和种子 ,,,,2021.0848,农药残留物 ,环氧乙烷 ,mg/kg - ppm,18.1,0.05 mg/kg - ppm,严肃的 ,国外预警(RASFF),18-02-2021,
RASFF,芝麻油,有机机械覆盖的芝麻 ,坚果，坚果产品和种子 ,,,,2021.0851,农药残留物 ,环氧乙烷 ,mg/kg - ppm,2.6,0.05 mg/kg - ppm,严肃的 ,国外预警(RASFF),18-02-2021,
RASFF,芝麻油,Sesmen. ,坚果，坚果产品和种子 ,,,,2021.0860,农药残留物 ,环氧乙烷 ,mg/kg - ppm,"8,3","0,05 mg/kg - ppm",严肃的 ,国外预警(RASFF),18-02-2021,
RASFF,芝麻油,芝麻白种子的印度氧化乙烯污染 ,坚果，坚果产品和种子 ,,,,2021.0861,农药残留物 ,环氧乙烷 ,mg/kg - ppm,23 / 22 / 2 ,,严肃的 ,国外预警(RASFF),18-02-2021,
RASFF,芝麻油,面包店和糕点产品 ,谷物和面包店产品 ,,,,2021.0888,,,,,,严肃的 ,国外预警(RASFF),19-02-2021,
RASFF,芝麻油,芝麻芝麻种子 ,坚果，坚果产品和种子 ,,,,2021.0896,,,,,,严肃的 ,国外预警(RASFF),19-02-2021,
RASFF,芝麻油,芝麻籽 ,坚果，坚果产品和种子 ,,,,2021.0900,农药残留物 ,环氧乙烷 ,mg/kg - ppm,"4,0","0,05 mg/kg - ppm",未定 ,国外预警(RASFF),22-02-2021,
RASFF,芝麻油,芝麻籽 ,坚果，坚果产品和种子 ,,,,2021.0907,农药残留物 ,环氧乙烷 ,mg/kg - ppm,1.1,0.05 mg/kg - ppm,严肃的 ,国外预警(RASFF),22-02-2021,
RASFF,芝麻油,面包棒 ,谷物和面包店产品 ,,,,2021.0909,,,,,,严肃的 ,国外预警(RASFF),22-02-2021,
RASFF,芝麻油,芝麻籽 ,坚果，坚果产品和种子 ,,,,2021.0964,农药残留物 ,环氧乙烷 ,mg/kg - ppm,3,"0,05 mg/kg - ppm",严肃的 ,国外预警(RASFF),24-02-2021,
RASFF,芝麻油,格兰诺拉麦片用五种子 ,谷物和面包店产品 ,,,,2021.0972,农药残留物 ,环氧乙烷 ,mg/kg - ppm,4,0.01 mg/kg - ppm,严肃的 ,国外预警(RASFF),25-02-2021,
RASFF,芝麻油,芝麻籽 ,坚果，坚果产品和种子 ,,,,2021.0300,农药残留物 ,环氧乙烷 ,mg/kg - ppm,0.15,0.05 mg/kg - ppm,严肃的 ,国外预警(RASFF),20-01-2021,
RASFF,芝麻油,有机机械覆盖芝麻 ,坚果，坚果产品和种子 ,,,,2021.0302,农药残留物 ,环氧乙烷 ,mg/kg - ppm,0.17,0.05 mg/kg - ppm,严肃的 ,国外预警(RASFF),20-01-2021,
RASFF,芝麻油,芝麻籽 ,坚果，坚果产品和种子 ,,,,2021.0304,农药残留物 ,环氧乙烷 ,mg/kg - ppm,0.58,0.05 mg/kg - ppm,严肃的 ,国外预警(RASFF),20-01-2021,
RASFF,芝麻油,有机芝麻 ,坚果，坚果产品和种子 ,,,,2021.0305,农药残留物 ,环氧乙烷 ,mg/kg - ppm,>0.4,0.05 mg/kg - ppm,严肃的 ,国外预警(RASFF),20-01-2021,
RASFF,芝麻油,芝麻籽 ,坚果，坚果产品和种子 ,,,,2021.0308,农药残留物 ,环氧乙烷 ,mg/kg - ppm,> 5.0,0.05 mg/kg - ppm,严肃的 ,国外预警(RASFF),20-01-2021,
RASFF,芝麻油,芝麻籽 ,坚果，坚果产品和种子 ,,,,2021.0321,农药残留物 ,环氧乙烷 ,mg/kg - ppm,2.3,0.05 mg/kg - ppm,严肃的 ,国外预警(RASFF),21-01-2021,
RASFF,芝麻油,芝麻籽 ,坚果，坚果产品和种子 ,,,,2021.0321,农药残留物 ,环氧乙烷 ,mg/kg - ppm,4.01,0.05 mg/kg - ppm,严肃的 ,国外预警(RASFF),21-01-2021,
RASFF,芝麻油,芝麻面包棒 ,谷物和面包店产品 ,,,,2021.0376,,,,,,严肃的 ,国外预警(RASFF),25-01-2021,
RASFF,芝麻油,芝麻籽 ,坚果，坚果产品和种子 ,,,,2021.0382,农药残留物 ,环氧乙烷 ,mg/kg - ppm,"3,8","0,05 mg/kg - ppm",严肃的 ,国外预警(RASFF),25-01-2021,
RASFF,芝麻油,博尔格面包（Maxi-Burguer） ,谷物和面包店产品 ,,,,2021.0383,,,,,,严肃的 ,国外预警(RASFF),25-01-2021,
RASFF,芝麻油,烤芝麻 ,坚果，坚果产品和种子 ,,,,2021.0388,,,,,,严肃的 ,国外预警(RASFF),25-01-2021,
RASFF,芝麻油,生物SESAM去皮///有机芝麻铁壳 ,坚果，坚果产品和种子 ,,,,2021.0428,农药残留物 ,环氧乙烷 ,,"3,6 ","0,05",严肃的 ,国外预警(RASFF),27-01-2021,
RASFF,芝麻油,芝麻籽 ,坚果，坚果产品和种子 ,,,,2021.0431,农药残留物 ,环氧乙烷 ,mg/kg - ppm,0.9,0.05 mg/kg - ppm,严肃的 ,国外预警(RASFF),27-01-2021,
RASFF,芝麻油,枯萎的芝麻 ,坚果，坚果产品和种子 ,,,,2021.0450,农药残留物 ,环氧乙烷 ,mg/kg - ppm,>5.0,0.05 mg/kg - ppm,严肃的 ,国外预警(RASFF),29-01-2021,
RASFF,芝麻油,芝麻籽 ,坚果，坚果产品和种子 ,,,,2021.0494,农药残留物 ,环氧乙烷 ,mg/kg - ppm,0.47,0.05 mg/kg - ppm,严肃的 ,国外预警(RASFF),02-02-2021,
RASFF,芝麻油,芝麻籽 ,谷物和面包店产品 ,,,,2021.0510,农药残留物 ,环氧乙烷 ,mg/kg - ppm,3.6 ±1.8 ,0.05 mg/kg - ppm,严肃的 ,国外预警(RASFF),02-02-2021,
RASFF,芝麻油,烤芝麻 ,坚果，坚果产品和种子 ,,,,2021.0552,,,,,,严肃的 ,国外预警(RASFF),04-02-2021,
RASFF,芝麻油,芝麻籽黑 ,坚果，坚果产品和种子 ,,,,2021.0123,农药残留物 ,环氧乙烷 ,mg/kg - ppm,0.07,0.05 mg/kg - ppm,未定 ,国外预警(RASFF),11-01-2021,
RASFF,芝麻油,芝麻籽黑 ,坚果，坚果产品和种子 ,,,,2021.0123,农药残留物 ,没有定义 - 氯吡啶 ,mg/kg - ppm,0.054,0.01 mg/kg - ppm,未定 ,国外预警(RASFF),11-01-2021,
RASFF,芝麻油,芝麻籽 ,坚果，坚果产品和种子 ,,,,2021.0124,农药残留物 ,环氧乙烷 ,mg/kg - ppm,39.93,0.05,严肃的 ,国外预警(RASFF),11-01-2021,
RASFF,芝麻油,芝麻籽 ,坚果，坚果产品和种子 ,,,,2021.0130,农药残留物 ,环氧乙烷 ,mg/kg - ppm,13,0.05 mg/kg - ppm,严肃的 ,国外预警(RASFF),11-01-2021,
RASFF,芝麻油,谷物栏 ,谷物和面包店产品 ,,,,2021.0134,,,,,,严肃的 ,国外预警(RASFF),11-01-2021,
RASFF,芝麻油,黑色芝麻 ,坚果，坚果产品和种子 ,,,,2021.0141,农药残留物 ,环氧乙烷 ,,,,严肃的 ,国外预警(RASFF),12-01-2021,
RASFF,芝麻油,有机芝麻种子耐用 ,坚果，坚果产品和种子 ,,,,2021.0160,农药残留物 ,环氧乙烷 ,mg/kg - ppm,9.2,0.05 mg/kg - ppm,严肃的 ,国外预警(RASFF),12-01-2021,
RASFF,芝麻油,芝麻籽 ,坚果，坚果产品和种子 ,,,,2021.0167,农药残留物 ,环氧乙烷 ,mg/kg - ppm,"1,3","0,05 mg/kg - ppm",严肃的 ,国外预警(RASFF),13-01-2021,
RASFF,芝麻油,芝麻籽 ,坚果，坚果产品和种子 ,,,,2021.0167,农药残留物 ,环氧乙烷 ,mg/kg - ppm,10,"0,05 mg/kg - ppm",严肃的 ,国外预警(RASFF),13-01-2021,
RASFF,芝麻油,芝麻籽 ,坚果，坚果产品和种子 ,,,,2021.0177,农药残留物 ,环氧乙烷 ,mg/kg - ppm,"0,47",,严肃的 ,国外预警(RASFF),13-01-2021,
RASFF,芝麻油,芝麻籽 ,坚果，坚果产品和种子 ,,,,2021.0177,农药残留物 ,环氧乙烷 ,mg/kg - ppm,"3,8",,严肃的 ,国外预警(RASFF),13-01-2021,
RASFF,芝麻油,芝麻籽 ,坚果，坚果产品和种子 ,,,,2021.0177,农药残留物 ,环氧乙烷 ,mg/kg - ppm,"0,25",,严肃的 ,国外预警(RASFF),13-01-2021,
RASFF,芝麻油,芝麻籽 ,坚果，坚果产品和种子 ,,,,2021.0177,农药残留物 ,环氧乙烷 ,mg/kg - ppm,"0,81",,严肃的 ,国外预警(RASFF),13-01-2021,
RASFF,芝麻油,芝麻籽 ,坚果，坚果产品和种子 ,,,,2021.0177,农药残留物 ,环氧乙烷 ,mg/kg - ppm,> 5,,严肃的 ,国外预警(RASFF),13-01-2021,
RASFF,芝麻油,芝麻籽 ,坚果，坚果产品和种子 ,,,,2021.0177,农药残留物 ,环氧乙烷 ,mg/kg - ppm,"0,25",,严肃的 ,国外预警(RASFF),13-01-2021,
RASFF,芝麻油,芝麻籽 ,坚果，坚果产品和种子 ,,,,2021.0178,农药残留物 ,环氧乙烷 ,mg/kg - ppm,"0,63","0,05 mg/kg - ppm",严肃的 ,国外预警(RASFF),13-01-2021,
RASFF,芝麻油,茴香蛋糕和有机蛋糕 ,谷物和面包店产品 ,,,,2021.0180,,,,,,未定 ,国外预警(RASFF),13-01-2021,
RASFF,芝麻油,芝麻籽 ,坚果，坚果产品和种子 ,,,,2021.0204,农药残留物 ,环氧乙烷 ,mg/kg - ppm,12,0.05 mg/kg - ppm,严肃的 ,国外预警(RASFF),14-01-2021,
RASFF,芝麻油,芝麻籽 ,坚果，坚果产品和种子 ,,,,2021.0207,农药残留物 ,环氧乙烷 ,mg/kg - ppm,"2,5","0,05 mg/kg - ppm",严肃的 ,国外预警(RASFF),14-01-2021,
RASFF,芝麻油,芝麻籽 ,坚果，坚果产品和种子 ,,,,2021.0207,农药残留物 ,环氧乙烷 ,mg/kg - ppm,"0,85","0,05 mg/kg - ppm",严肃的 ,国外预警(RASFF),14-01-2021,
RASFF,芝麻油,芝麻籽 ,坚果，坚果产品和种子 ,,,,2021.0207,农药残留物 ,环氧乙烷 ,mg/kg - ppm,"1,3","0,05 mg/kg - ppm",严肃的 ,国外预警(RASFF),14-01-2021,
RASFF,芝麻油,芝麻籽 ,坚果，坚果产品和种子 ,,,,2021.0207,农药残留物 ,环氧乙烷 ,mg/kg - ppm,"1,2","0,05 mg/kg - ppm",严肃的 ,国外预警(RASFF),14-01-2021,
RASFF,芝麻油,芝麻籽 ,坚果，坚果产品和种子 ,,,,2021.0226,农药残留物 ,环氧乙烷 ,mg/kg - ppm,0.82,0.05 mg/kg - ppm,严肃的 ,国外预警(RASFF),15-01-2021,
RASFF,芝麻油,芝麻籽 ,坚果，坚果产品和种子 ,,,,2021.0230,农药残留物 ,没有定义 - 氯吡啶 ,mg/kg - ppm,"0,024","0,01 mg/kg - ppm",未定 ,国外预警(RASFF),15-01-2021,
RASFF,芝麻油,芝麻籽 ,坚果，坚果产品和种子 ,,,,2021.0230,农药残留物 ,没有定义 - 氯吡啶 ,mg/kg - ppm,"0,011","0,01 mg/kg - ppm",未定 ,国外预警(RASFF),15-01-2021,
RASFF,芝麻油,Sesamsamen  - 芝麻 ,坚果，坚果产品和种子 ,,,,2021.0237,病原微生物 ,沙门氏菌利物浦 ,/25g,nachweisbar,,严肃的 ,国外预警(RASFF),18-01-2021,
RASFF,芝麻油,芝麻籽 ,坚果，坚果产品和种子 ,,,,2021.0238,农药残留物 ,环氧乙烷 ,mg/kg - ppm,0.20,0.05 mg/kg - ppm,严肃的 ,国外预警(RASFF),18-01-2021,
RASFF,芝麻油,芝麻籽 ,坚果，坚果产品和种子 ,,,,2021.0018,农药残留物 ,环氧乙烷 ,mg/kg - ppm,"39,93",0.05 mg/kg - ppm,严肃的 ,国外预警(RASFF),04-01-2021,
RASFF,芝麻油,芝麻籽 ,坚果，坚果产品和种子 ,,,,2021.0020,农药残留物 ,环氧乙烷 ,mg/kg - ppm,2.3,0.05 mg/kg - ppm,严肃的 ,国外预警(RASFF),04-01-2021,
RASFF,芝麻油,芝麻籽 ,坚果，坚果产品和种子 ,,,,2021.0020,农药残留物 ,环氧乙烷 ,mg/kg - ppm,2.1,0.05 mg/kg - ppm,严肃的 ,国外预警(RASFF),04-01-2021,
RASFF,芝麻油,芝麻籽 ,坚果，坚果产品和种子 ,,,,2021.0020,农药残留物 ,环氧乙烷 ,mg/kg - ppm,4.01,0.05 mg/kg - ppm,严肃的 ,国外预警(RASFF),04-01-2021,
RASFF,芝麻油,芝麻籽 ,坚果，坚果产品和种子 ,,,,2021.0031,农药残留物 ,环氧乙烷 ,mg/kg - ppm,2.3,0.05 mg/kg - ppm,严肃的 ,国外预警(RASFF),05-01-2021,
RASFF,芝麻油,芝麻籽 ,坚果，坚果产品和种子 ,,,,2021.0032,农药残留物 ,环氧乙烷 ,mg/kg - ppm,"1,86±0,93",,严肃的 ,国外预警(RASFF),05-01-2021,
RASFF,芝麻油,芝麻籽 ,坚果，坚果产品和种子 ,,,,2021.0038,农药残留物 ,环氧乙烷 ,mg/kg - ppm,1.8,0.05 mg/kg - ppm,严肃的 ,国外预警(RASFF),05-01-2021,
RASFF,芝麻油,芝麻籽 ,坚果，坚果产品和种子 ,,,,2021.0044,农药残留物 ,环氧乙烷 ,mg/kg - ppm,"8,6",0.05 mg/kg - ppm,严肃的 ,国外预警(RASFF),05-01-2021,
RASFF,芝麻油,芝麻籽 ,坚果，坚果产品和种子 ,,,,2021.0047,农药残留物 ,环氧乙烷 ,mg/kg - ppm,"2,8","0,05 mg/kg - ppm",严肃的 ,国外预警(RASFF),05-01-2021,
RASFF,芝麻油,芝麻籽 ,坚果，坚果产品和种子 ,,,,2021.0053,农药残留物 ,环氧乙烷 ,mg/kg - ppm,"39,93",0.05 mg/kg - ppm,严肃的 ,国外预警(RASFF),06-01-2021,
RASFF,芝麻油,芝麻籽 ,坚果，坚果产品和种子 ,,,,2021.0074,农药残留物 ,环氧乙烷 ,mg/kg - ppm,"5,7","0,05 mg/kg - ppm",严肃的 ,国外预警(RASFF),07-01-2021,
RASFF,芝麻油,生物芝麻去皮///有机覆盖芝麻籽 ,坚果，坚果产品和种子 ,,,,2021.0080,农药残留物 ,环氧乙烷 ,mg/kg - ppm,> 5 ,"0,05 mg/kg - ppm",严肃的 ,国外预警(RASFF),07-01-2021,
RASFF,芝麻油,芝麻白色去皮 - 芝麻白色耐用 ,坚果，坚果产品和种子 ,,,,2021.0108,农药残留物 ,环氧乙烷 ,mg/kg - ppm,"> 5,0 // 0,38","0,05 mg/kg - ppm",严肃的 ,国外预警(RASFF),08-01-2021,
RASFF,芝麻油,芝麻籽 ,坚果，坚果产品和种子 ,,,,2021.0241,农药残留物 ,环氧乙烷 ,mg/kg - ppm,1.8,0.05 mg/kg - ppm,严肃的 ,国外预警(RASFF),18-01-2021,
RASFF,芝麻油,芝麻籽 ,坚果，坚果产品和种子 ,,,,2021.0241,农药残留物 ,环氧乙烷 ,mg/kg - ppm,0.094,0.05 mg/kg - ppm,严肃的 ,国外预警(RASFF),18-01-2021,
RASFF,芝麻油,芝麻籽 ,坚果，坚果产品和种子 ,,,,2021.0247,农药残留物 ,环氧乙烷 ,mg/kg - ppm,0.94,0.05 mg/kg - ppm,严肃的 ,国外预警(RASFF),18-01-2021,
RASFF,芝麻油,芝麻籽 ,坚果，坚果产品和种子 ,,,,2021.0252,,,,,,严肃的 ,国外预警(RASFF),18-01-2021,
RASFF,芝麻油,Sesamsamen ///芝麻 ,坚果，坚果产品和种子 ,,,,2021.0258,农药残留物 ,环氧乙烷 ,mg/kg - ppm,"0,15","0,05 mg/kg - ppm",严肃的 ,国外预警(RASFF),18-01-2021,
RASFF,芝麻油,Sesmen. ,坚果，坚果产品和种子 ,,,,2021.0269,,,,,,严肃的 ,国外预警(RASFF),19-01-2021,
RASFF,芝麻油,戴着白芝麻 ,谷物和面包店产品 ,,,,2021.0273,农药残留物 ,环氧乙烷 ,mg/kg - ppm,> 5,0.05 mg/kg - ppm,严肃的 ,国外预警(RASFF),19-01-2021,
RASFF,芝麻油,芝麻 ,坚果，坚果产品和种子 ,,,,2021.0282,病原微生物 ,没有定义 - 沙门氏菌 ,/25g,present,no presence /25g,严肃的 ,国外预警(RASFF),20-01-2021,
RASFF,芝麻油,小铺面谷物5233 MPAD /铺成的谷物X15甜味/谷物麦片 ,谷物和面包店产品 ,,,,2021.0284,农药残留物 ,环氧乙烷 ,mg/kg - ppm,"0,98","0,05 mg/kg - ppm",严肃的 ,国外预警(RASFF),20-01-2021,
RASFF,芝麻油,小铺面谷物5233 MPAD /铺成的谷物X15甜味/谷物麦片 ,谷物和面包店产品 ,,,,2021.0284,农药残留物 ,环氧乙烷 ,mg/kg - ppm,"0,17","0,05 mg/kg - ppm",严肃的 ,国外预警(RASFF),20-01-2021,
RASFF,芝麻油,小铺面谷物5233 MPAD /铺成的谷物X15甜味/谷物麦片 ,谷物和面包店产品 ,,,,2021.0284,农药残留物 ,环氧乙烷 ,mg/kg - ppm,"2,6","0,05 mg/kg - ppm",严肃的 ,国外预警(RASFF),20-01-2021,
RASFF,芝麻油,小路面谷物X6 MPAD /铺砌谷物X15甜味/谷物谷物 ,谷物和面包店产品 ,,,,2021.0284,农药残留物 ,环氧乙烷 ,mg/kg - ppm,3,"0,05 mg/kg - ppm",严肃的 ,国外预警(RASFF),20-01-2021,
RASFF,芝麻油,小路面谷物X6 MPAD /铺砌谷物X15甜味/谷物谷物 ,谷物和面包店产品 ,,,,2021.0284,农药残留物 ,环氧乙烷 ,mg/kg - ppm,"2,5","0,05 mg/kg - ppm",严肃的 ,国外预警(RASFF),20-01-2021,
RASFF,芝麻油,黑芝麻 ,坚果，坚果产品和种子 ,,,,2021.0295,农药残留物 ,环氧乙烷 ,mg/kg - ppm,0.16,0.05 mg/kg - ppm,严肃的 ,国外预警(RASFF),20-01-2021,
RASFF,芝麻油,Seseals. ,坚果，坚果产品和种子 ,,,,2021.0553,病原微生物 ,沙门氏菌SPP。 ,/25g,present,Absent /25g,严肃的 ,国外预警(RASFF),04-02-2021,
RASFF,芝麻油,有机芝麻 ,坚果，坚果产品和种子 ,,,,2021.0562,农药残留物 ,环氧乙烷 ,mg/kg - ppm,9.8,0.05 mg/kg - ppm,严肃的 ,国外预警(RASFF),04-02-2021,
RASFF,芝麻油,预烘焙面包 ,谷物和面包店产品 ,,,,2021.0571,,,,,,严肃的 ,国外预警(RASFF),04-02-2021,
RASFF,芝麻油,芝麻籽 ,坚果，坚果产品和种子 ,,,,2021.0619,农药残留物 ,环氧乙烷 ,mg/kg - ppm,1.93,0.05 mg/kg - ppm,严肃的 ,国外预警(RASFF),08-02-2021,
RASFF,芝麻油,格里尼尼圣巴菲奥 ,谷物和面包店产品 ,,,,2021.0690,,,,,,未定 ,国外预警(RASFF),10-02-2021,
RASFF,芝麻油,Sesampast /////芝麻酱 ,坚果，坚果产品和种子 ,,,,2021.0691,农药残留物 ,环氧乙烷 ,mg/kg - ppm,"0,23","0,05 mg/kg - ppm",严肃的 ,国外预警(RASFF),10-02-2021,
RASFF,芝麻油,枯萎的芝麻 ,坚果，坚果产品和种子 ,,,,2021.0717,农药残留物 ,环氧乙烷 ,mg/kg - ppm,0.22,0.05 mg/kg - ppm,严肃的 ,国外预警(RASFF),11-02-2021,
RASFF,芝麻油,芝麻烤了 ,坚果，坚果产品和种子 ,,,,2021.0722,农药残留物 ,环氧乙烷 ,mg/kg - ppm,0.22,0.05 mg/kg - ppm,严肃的 ,国外预警(RASFF),11-02-2021,
RASFF,芝麻油,芝麻籽 ,坚果，坚果产品和种子 ,,,,2021.0723,农药残留物 ,环氧乙烷 ,mg/kg - ppm,"18,7","0,05 mg/kg - ppm",严肃的 ,国外预警(RASFF),11-02-2021,
RASFF,芝麻油,有机芝麻 ,坚果，坚果产品和种子 ,,,,2021.0980,农药残留物 ,环氧乙烷 ,mg/kg - ppm,"4,6","0,05 mg/kg - ppm",严肃的 ,国外预警(RASFF),25-02-2021,
RASFF,芝麻油,芝麻种子去皮///芝麻籽耐用 ,坚果，坚果产品和种子 ,,,,2021.1002,农药残留物 ,环氧乙烷 ,mg/kg - ppm,"4,7 +/- 2,35","0,05 mg/kg - ppm",严肃的 ,国外预警(RASFF),26-02-2021,
RASFF,芝麻油,有机饼干 ,谷物和面包店产品 ,,,,2021.1036,,,,,,严肃的 ,国外预警(RASFF),01-03-2021,
RASFF,芝麻油,百吉饼芝麻芝麻 ,谷物和面包店产品 ,,,,2021.1040,,,,,,严肃的 ,国外预警(RASFF),01-03-2021,
RASFF,芝麻油,枯萎的芝麻 ,坚果，坚果产品和种子 ,,,,2021.1079,病原微生物 ,没有定义 - 沙门氏菌 ,/25g,Presence of Salmonella spp.,absence /25g,严肃的 ,国外预警(RASFF),03-03-2021,
RASFF,芝麻油,枯萎的芝麻 ,坚果，坚果产品和种子 ,,,,2021.1080,病原微生物 ,没有定义 - 沙门氏菌 ,/25g,Presence of Salmonella spp.,absence /25g,严肃的 ,国外预警(RASFF),03-03-2021,
RASFF,芝麻油,冷冻预煮面包 ,谷物和面包店产品 ,,,,2021.1121,,,,,,严肃的 ,国外预警(RASFF),04-03-2021,
RASFF,芝麻油,芝麻籽去皮///孵化芝麻 ,坚果，坚果产品和种子 ,,,,2021.1124,农药残留物 ,环氧乙烷 ,mg/kg - ppm,"0,837","0,05 mg/kg - ppm",严肃的 ,国外预警(RASFF),04-03-2021,
RASFF,芝麻油,芝麻籽 ,坚果，坚果产品和种子 ,,,,2021.1133,农药残留物 ,环氧乙烷 ,mg/kg - ppm,24,0.05 mg/kg - ppm,严肃的 ,国外预警(RASFF),05-03-2021,
RASFF,芝麻油,迷你钻石卷混合物 ,谷物和面包店产品 ,,,,2021.1174,农药残留物 ,环氧乙烷 ,mg/kg - ppm,"0,067","0,05 mg/kg - ppm",严肃的 ,国外预警(RASFF),08-03-2021,
RASFF,芝麻油,芝麻籽 ,坚果，坚果产品和种子 ,,,,2021.1899,农药残留物 ,环氧乙烷 ,mg/kg - ppm,"0,16","0,05 mg/kg - ppm",严肃的 ,国外预警(RASFF),16-04-2021,
RASFF,芝麻油,芝麻 - 芝麻籽 ,坚果，坚果产品和种子 ,,,,2021.2009,农药残留物 ,环氧乙烷 ,mg/kg - ppm,nicht nachweisbar,"0,05 mg/kg - ppm",严肃的 ,国外预警(RASFF),22-04-2021,
RASFF,芝麻油,芝麻 - 芝麻籽 ,坚果，坚果产品和种子 ,,,,2021.2009,农药残留物 ,环氧乙烷 ,mg/kg - ppm,"3,8","0,05 mg/kg - ppm",严肃的 ,国外预警(RASFF),22-04-2021,
RASFF,芝麻油,芝麻种子//芝麻 ,坚果，坚果产品和种子 ,,,,2021.2053,病原微生物 ,没有定义 - 沙门氏菌 ,,presenza in 25 g in 3 campioni su 10,,严肃的 ,国外预警(RASFF),26-04-2021,
RASFF,芝麻油,Sesamo ///////////////////////////////////////////////////////////////////////////////////// ,坚果，坚果产品和种子 ,,,,2021.2141,,,,,,严肃的 ,国外预警(RASFF),29-04-2021,
RASFF,芝麻油,烤芝麻 ,坚果，坚果产品和种子 ,,,,2021.2247,农药残留物 ,环氧乙烷 ,mg/kg - ppm,"0,71","0,05 mg/kg - ppm",严肃的 ,国外预警(RASFF),06-05-2021,
RASFF,芝麻油,芝麻籽 ,坚果，坚果产品和种子 ,,,,2021.2305,病原微生物 ,沙门氏菌 ,/25g,S. I.-Form,,严肃的 ,国外预警(RASFF),07-05-2021,
RASFF,芝麻油,枯萎的芝麻 ,坚果，坚果产品和种子 ,,,,2021.2409,病原微生物 ,没有定义 - 沙门氏菌 ,/25g,Presence of Salmonella spp.,absence /25g,严肃的 ,国外预警(RASFF),14-05-2021,
RASFF,芝麻油,芝麻籽 ,谷物和面包店产品 ,,,,2021.2459,病原微生物 ,没有定义 - 沙门氏菌 ,,,,严肃的 ,国外预警(RASFF),17-05-2021,
RASFF,芝麻油,来自尼日利亚的枯萎芝麻 ,坚果，坚果产品和种子 ,,,,2021.2484,病原微生物 ,没有定义 - 沙门氏菌 ,/25g,Presence,Absence /25g,严肃的 ,国外预警(RASFF),18-05-2021,
RASFF,芝麻油,来自尼日利亚的芝麻 ,坚果，坚果产品和种子 ,,,,2021.2569,病原微生物 ,没有定义 - 沙门氏菌 ,/25g,Presence of Salmonella,Absence /25g,严肃的 ,国外预警(RASFF),21-05-2021,
RASFF,芝麻油,Sesampast. ,坚果，坚果产品和种子 ,,,,2021.4045,病原微生物 ,沙门氏菌SPP。 ,/g,nachgewiesen 25,nicht nachweisbar,严肃的 ,国外预警(RASFF),30-07-2021,
RASFF,芝麻油,芝麻籽 ,坚果，坚果产品和种子 ,,,,2021.4207,农药残留物 ,没有定义 - 氯吡啶 ,mg/kg - ppm,"0,21","0,01 mg/kg - ppm",未定 ,国外预警(RASFF),06-08-2021,
RASFF,芝麻油,Sesamsamen  - 芝麻 ,坚果，坚果产品和种子 ,,,,2021.4394,农药残留物 ,没有定义 - 氯吡啶 ,mg/kg - ppm,"0,076 ",,未定 ,国外预警(RASFF),17-08-2021,
RASFF,芝麻油,Sesamsamen  - 芝麻 ,坚果，坚果产品和种子 ,,,,2021.4395,农药残留物 ,没有定义 - 氯吡啶 ,mg/kg - ppm,"0,076",,未定 ,国外预警(RASFF),17-08-2021,
RASFF,芝麻油,黑芝麻 ,坚果，坚果产品和种子 ,,,,2021.4677,,,,,,不认真 ,国外预警(RASFF),02-09-2021,
RASFF,芝麻油,Patenteck 250 GR SAV ,谷物和面包店产品 ,,,,2021.4715,,,,,,不认真 ,国外预警(RASFF),03-09-2021,
RASFF,芝麻油,芝麻 - 芝麻 ,坚果，坚果产品和种子 ,,,,2021.5070,农药残留物 ,2-氯乙醇 ,mg/kg - ppm,"1,8","0,05 mg/kg - ppm",严肃的 ,国外预警(RASFF),22-09-2021,
RASFF,芝麻油,芝麻 - 芝麻 ,坚果，坚果产品和种子 ,,,,2021.5070,农药残留物 ,2-氯乙醇 ,mg/kg - ppm,"0,61","0,05 mg/kg - ppm",严肃的 ,国外预警(RASFF),22-09-2021,
RASFF,芝麻油,芝麻 - 芝麻 ,坚果，坚果产品和种子 ,,,,2021.5070,农药残留物 ,2-氯乙醇 ,mg/kg - ppm,"1,9","0,05 mg/kg - ppm",严肃的 ,国外预警(RASFF),22-09-2021,
RASFF,芝麻油,芝麻 - 芝麻 ,坚果，坚果产品和种子 ,,,,2021.5070,农药残留物 ,2-氯乙醇 ,mg/kg - ppm,13,"0,05 mg/kg - ppm",严肃的 ,国外预警(RASFF),22-09-2021,
RASFF,芝麻油,芝麻籽 ,坚果，坚果产品和种子 ,,,,2021.4755,病原微生物 ,没有定义 -  Salmonella-Senftenberg ,/25g,detected ,,严肃的 ,国外预警(RASFF),06-09-2021,
RASFF,芝麻油,芝麻籽 ,坚果，坚果产品和种子 ,,,,2021.0046,农药残留物 ,环氧乙烷 ,mg/kg - ppm,"39,93",0.05 mg/kg - ppm,严肃的 ,国外预警(RASFF),05-01-2021,
RASFF,芝麻油,枯萎的芝麻 ,坚果，坚果产品和种子 ,,,,2021.5116,农药残留物 ,环氧乙烷 ,,not detectable,,严肃的 ,国外预警(RASFF),24-09-2021,
RASFF,芝麻油,枯萎的芝麻 ,坚果，坚果产品和种子 ,,,,2021.5116,农药残留物 ,2-氯乙醇 ,mg/kg - ppm,"0,99 ± 0,50","0,05 mg/kg - ppm",严肃的 ,国外预警(RASFF),24-09-2021,
RASFF,芝麻油,来自印度的枯萎芝麻 ,坚果，坚果产品和种子 ,,,,2021.3931,病原微生物 ,没有定义 - 沙门氏菌 ,/25g,Presence of Salmonella spp.,Absence /25g,严肃的 ,国外预警(RASFF),26-07-2021,
RASFF,芝麻油,芝麻籽 ,坚果，坚果产品和种子 ,,,,2021.2772,霉菌毒素 ,黄曲霉毒素B1 ,µg/kg - ppb,"11,7","2,0 µg/kg - ppb",严肃的 ,国外预警(RASFF),31-05-2021,
RASFF,芝麻油,芝麻籽 ,坚果，坚果产品和种子 ,,,,2021.2772,霉菌毒素 ,黄曲霉毒素总共 ,µg/kg - ppb,"12,5","4,0 µg/kg - ppb",严肃的 ,国外预警(RASFF),31-05-2021,
RASFF,芝麻油,来自尼日利亚的枯萎芝麻 ,坚果，坚果产品和种子 ,,,,2021.2570,病原微生物 ,没有定义 - 沙门氏菌 ,/25g,Presence of Salmonella ,Absence /25g,严肃的 ,国外预警(RASFF),21-05-2021,
